Workbook

Sheet 📊Master_분석
A1: 🇰🇷 한국 5대 수출산업 월별 분석 마스터
A2: 기간: 2019-01 ~ 2026-05 (89개월, 최신=2026-05) · 산업: 철강 · 석유화학 · 조선 · 의료기기 · K푸드
A4: 1. 산업별 한눈에 보기 (Latest Month: 2026-05)
A5: 산업 | B5: 최신월 수출액 (USD) | C5: YoY % | D5: YTD 2026 (USD) | E5: YTD YoY % | F5: TTM YoY % | G5: 7년 누적 (USD) | H5: 한 줄 평
A6: 🏭 철강 | B6: =SUMIF(철강_제품!A:A,"2026-05",철강_제품!C:C) -> 1331759622 | C6: =B6/SUMIF(철강_제품!A:A,"2025-05",철강_제품!C:C)-1 -> -0.1133281 | D6: =SUMIFS(철강_제품!C:C,철강_제품!A:A,">=2026-01",철강_제품!A:A,"<=2026-05") -> 6944396619 | E6: =D6/SUMIFS(철강_제품!C:C,철강_제품!A:A,">=2025-01",철강_제품!A:A,"<=2025-05")-1 -> -0.086900703 | F6: =SUMIFS(철강_제품!C:C,철강_제품!A:A,">=2025-06",철강_제품!A:A,"<=2026-05")/SUMIFS(철강_제품!C:C,철강_제품!A:A,">=2024-06",철강_제품!A:A,"<=2025-05")-1 -> -0.098643534 | G6: =SUM(철강_제품!C4:C453) -> 142102942947 | H6: 5대 품목 중 스테인리스·강관만 양전, 열연·도금·냉연강판 두 자릿수 감소. 믹스 양극화.
A7: ⚗️ 석유화학 | B7: =SUMIF(석유화학_제품!A:A,"2026-05",석유화학_제품!C:C) -> 935732882 | C7: =B7/SUMIF(석유화학_제품!A:A,"2025-05",석유화학_제품!C:C)-1 -> 0.052232425 | D7: =SUMIFS(석유화학_제품!C:C,석유화학_제품!A:A,">=2026-01",석유화학_제품!A:A,"<=2026-05") -> 4665585453 | E7: =D7/SUMIFS(석유화학_제품!C:C,석유화학_제품!A:A,">=2025-01",석유화학_제품!A:A,"<=2025-05")-1 -> -0.062724752 | F7: =SUMIFS(석유화학_제품!C:C,석유화학_제품!A:A,">=2025-06",석유화학_제품!A:A,"<=2026-05")/SUMIFS(석유화학_제품!C:C,석유화학_제품!A:A,">=2024-06",석유화학_제품!A:A,"<=2025-05")-1 -> -0.094547005 | G7: =SUM(석유화학_제품!C4:C453) -> 87727383934 | H7: PVC·방향족 강세, 올레핀 약세 — 패키징보다 구조용 수지 우위.
A8: ⛴️ 조선 | B8: =SUMIF(조선_제품!A:A,"2026-05",조선_제품!C:C) -> 2546339928 | C8: =B8/SUMIF(조선_제품!A:A,"2025-05",조선_제품!C:C)-1 -> 0.16801417 | D8: =SUMIFS(조선_제품!C:C,조선_제품!A:A,">=2026-01",조선_제품!A:A,"<=2026-05") -> 13204817485 | E8: =D8/SUMIFS(조선_제품!C:C,조선_제품!A:A,">=2025-01",조선_제품!A:A,"<=2025-05")-1 -> 0.20823217 | F8: =SUMIFS(조선_제품!C:C,조선_제품!A:A,">=2025-06",조선_제품!A:A,"<=2026-05")/SUMIFS(조선_제품!C:C,조선_제품!A:A,">=2024-06",조선_제품!A:A,"<=2025-05")-1 -> 0.26295252 | G8: =SUM(조선_제품!C4:C453) -> 167071271683 | H8: 탱커·엔진 폭발적 성장, LNG·컨테이너선 동기고감. 고랉슨 수주 사이클.
A9: 🩺 의료기기 | B9: =SUMIF(의료기기_제품!A:A,"2026-05",의료기기_제품!C:C) -> 191670114 | C9: =B9/SUMIF(의료기기_제품!A:A,"2025-05",의료기기_제품!C:C)-1 -> 0.10564838 | D9: =SUMIFS(의료기기_제품!C:C,의료기기_제품!A:A,">=2026-01",의료기기_제품!A:A,"<=2026-05") -> 995060443 | E9: =D9/SUMIFS(의료기기_제품!C:C,의료기기_제품!A:A,">=2025-01",의료기기_제품!A:A,"<=2025-05")-1 -> 0.099052647 | F9: =SUMIFS(의료기기_제품!C:C,의료기기_제품!A:A,">=2025-06",의료기기_제품!A:A,"<=2026-05")/SUMIFS(의료기기_제품!C:C,의료기기_제품!A:A,">=2024-06",의료기기_제품!A:A,"<=2025-05")-1 -> 0.1198354 | G9: =SUM(의료기기_제품!C4:C453) -> 13904358496 | H9: 전 품목 플러스, CT 두 자릿수 성장. 안정 성장형 세터.
A10: 🍜 K푸드 | B10: =SUMIF(K푸드_제품!A:A,"2026-05",K푸드_제품!C:C) -> 319783058 | C10: =B10/SUMIF(K푸드_제품!A:A,"2025-05",K푸드_제품!C:C)-1 -> 0.013150513 | D10: =SUMIFS(K푸드_제품!C:C,K푸드_제품!A:A,">=2026-01",K푸드_제품!A:A,"<=2026-05") -> 1682664706 | E10: =D10/SUMIFS(K푸드_제품!C:C,K푸드_제품!A:A,">=2025-01",K푸드_제품!A:A,"<=2025-05")-1 -> 0.14440622 | F10: =SUMIFS(K푸드_제품!C:C,K푸드_제품!A:A,">=2025-06",K푸드_제품!A:A,"<=2026-05")/SUMIFS(K푸드_제품!C:C,K푸드_제품!A:A,">=2024-06",K푸드_제품!A:A,"<=2025-05")-1 -> 0.11083135 | G10: =SUM(K푸드_제품!C4:C453) -> 20316895703 | H10: 라면·김치 견인, 주류·음료 모멘텀 둔화. K콘텐츠 효과 지속.
A12: 2. 산업별 품목 상세 (최신월 수출액 · YoY % · YTD 수출액 · YTD YoY %)
A14: 🏭 철강 (POSCO홈딩·현대제철·동국제강·세아제강)
A15: 품목 | B15: 최신월 (USD) | C15: YoY % | D15: YTD 2026 | E15: YTD YoY % | F15: ASP 추세 | G15: 비중 | H15: 코멘트
A16: 강관 | B16: =철강_제품!C92 -> 220782049 | C16: =철강_제품!G92/100 -> 0.14974218 | D16: =SUMIFS(철강_제품!C$4:C$453,철강_제품!B$4:B$453,A16,철강_제품!A$4:A$453,">=2026-01",철강_제품!A$4:A$453,"<=2026-05") -> 977988059 | E16: =D16/SUMIFS(철강_제품!C$4:C$453,철강_제품!B$4:B$453,A16,철강_제품!A$4:A$453,">=2025-01",철강_제품!A$4:A$453,"<=2025-05")-1 -> -0.088600672 | F16: =철강_제품!E92/AVERAGE(철강_제품!E80:E92)-1 -> -0.055413797 | G16: =B16/$B$6 -> 0.16578221 | H16: 패키징용 안정, 수요 양호
A17: 냉연강판 | B17: =철강_제품!C182 -> 172136847 | C17: =철강_제품!G182/100 -> -0.15607922 | D17: =SUMIFS(철강_제품!C$4:C$453,철강_제품!B$4:B$453,A17,철강_제품!A$4:A$453,">=2026-01",철강_제품!A$4:A$453,"<=2026-05") -> 859709649 | E17: =D17/SUMIFS(철강_제품!C$4:C$453,철강_제품!B$4:B$453,A17,철강_제품!A$4:A$453,">=2025-01",철강_제품!A$4:A$453,"<=2025-05")-1 -> -0.10407921 | F17: =철강_제품!E182/AVERAGE(철강_제품!E170:E182)-1 -> -0.0048695255 | G17: =B17/$B$6 -> 0.12925519 | H17: 자동차·가전 둘 다 약세
A18: 도금강판 | B18: =철강_제품!C272 -> 433988304 | C18: =철강_제품!G272/100 -> -0.1591288 | D18: =SUMIFS(철강_제품!C$4:C$453,철강_제품!B$4:B$453,A18,철강_제품!A$4:A$453,">=2026-01",철강_제품!A$4:A$453,"<=2026-05") -> 2389793014 | E18: =D18/SUMIFS(철강_제품!C$4:C$453,철강_제품!B$4:B$453,A18,철강_제품!A$4:A$453,">=2025-01",철강_제품!A$4:A$453,"<=2025-05")-1 -> -0.056007881 | F18: =철강_제품!E272/AVERAGE(철강_제품!E260:E272)-1 -> -0.033729481 | G18: =B18/$B$6 -> 0.32587585 | H18: 철강 품목 중 하락폭 최대
A19: 스테인리스 열연 | B19: =철강_제품!C362 -> 137469101 | C19: =철강_제품!G362/100 -> 0.11471851 | D19: =SUMIFS(철강_제품!C$4:C$453,철강_제품!B$4:B$453,A19,철강_제품!A$4:A$453,">=2026-01",철강_제품!A$4:A$453,"<=2026-05") -> 676547058 | E19: =D19/SUMIFS(철강_제품!C$4:C$453,철강_제품!B$4:B$453,A19,철강_제품!A$4:A$453,">=2025-01",철강_제품!A$4:A$453,"<=2025-05")-1 -> -0.041392596 | F19: =철강_제품!E362/AVERAGE(철강_제품!E350:E362)-1 -> 0.068817521 | G19: =B19/$B$6 -> 0.10322366 | H19: 고부가가치 서브세그먼트 강세
A20: 열연강판 | B20: =철강_제품!C452 -> 367383321 | C20: =철강_제품!G452/100 -> -0.21252988 | D20: =SUMIFS(철강_제품!C$4:C$453,철강_제품!B$4:B$453,A20,철강_제품!A$4:A$453,">=2026-01",철강_제품!A$4:A$453,"<=2026-05") -> 2040358839 | E20: =D20/SUMIFS(철강_제품!C$4:C$453,철강_제품!B$4:B$453,A20,철강_제품!A$4:A$453,">=2025-01",철강_제품!A$4:A$453,"<=2025-05")-1 -> -0.12630313 | F20: =철강_제품!E452/AVERAGE(철강_제품!E440:E452)-1 -> 0.070401018 | G20: =B20/$B$6 -> 0.27586309 | H20: 구조 부진 + 공급 과잉으로 약세
A22: ⚗️ 석유화학 (LG화학·롤론·금호·한화솔루션)
A23: 품목 | B23: 최신월 (USD) | C23: YoY % | D23: YTD 2026 | E23: YTD YoY % | F23: ASP 추세 | G23: 비중 | H23: 코멘트
A24: PE | B24: =석유화학_제품!C92 -> 213481993 | C24: =석유화학_제품!G92/100 -> 0.074709927 | D24: =SUMIFS(석유화학_제품!C$4:C$453,석유화학_제품!B$4:B$453,A24,석유화학_제품!A$4:A$453,">=2026-01",석유화학_제품!A$4:A$453,"<=2026-05") -> 1015085598 | E24: =D24/SUMIFS(석유화학_제품!C$4:C$453,석유화학_제품!B$4:B$453,A24,석유화학_제품!A$4:A$453,">=2025-01",석유화학_제품!A$4:A$453,"<=2025-05")-1 -> -0.012229748 | F24: =석유화학_제품!E92/AVERAGE(석유화학_제품!E80:E92)-1 -> 0.4671259 | G24: =B24/$B$7 -> 0.22814416 | H24: 범용 수지 견조, 중국 접적 안정
A25: PP | B25: =석유화학_제품!C182 -> 149270655 | C25: =석유화학_제품!G182/100 -> -0.012784866 | D25: =SUMIFS(석유화학_제품!C$4:C$453,석유화학_제품!B$4:B$453,A25,석유화학_제품!A$4:A$453,">=2026-01",석유화학_제품!A$4:A$453,"<=2026-05") -> 767213936 | E25: =D25/SUMIFS(석유화학_제품!C$4:C$453,석유화학_제품!B$4:B$453,A25,석유화학_제품!A$4:A$453,">=2025-01",석유화학_제품!A$4:A$453,"<=2025-05")-1 -> -0.059017793 | F25: =석유화학_제품!E182/AVERAGE(석유화학_제품!E170:E182)-1 -> 0.48249163 | G25: =B25/$B$7 -> 0.15952272 | H25: 자동차·포장재, 의료·위생재로 수요 유지
A26: PVC·기타수지 | B26: =석유화학_제품!C272 -> 206783403 | C26: =석유화학_제품!G272/100 -> 0.26619773 | D26: =SUMIFS(석유화학_제품!C$4:C$453,석유화학_제품!B$4:B$453,A26,석유화학_제품!A$4:A$453,">=2026-01",석유화학_제품!A$4:A$453,"<=2026-05") -> 981592072 | E26: =D26/SUMIFS(석유화학_제품!C$4:C$453,석유화학_제품!B$4:B$453,A26,석유화학_제품!A$4:A$453,">=2025-01",석유화학_제품!A$4:A$453,"<=2025-05")-1 -> 0.096393192 | F26: =석유화학_제품!E272/AVERAGE(석유화학_제품!E260:E272)-1 -> 0.27584438 | G26: =B26/$B$7 -> 0.2209855 | H26: 건설·배관 수요 회복, +26.6% 급반등
A27: 방향족(벤젠·자일렌) | B27: =석유화학_제품!C362 -> 180800691 | C27: =석유화학_제품!G362/100 -> 0.32919748 | D27: =SUMIFS(석유화학_제품!C$4:C$453,석유화학_제품!B$4:B$453,"방향족(벤젠·자일렌)",석유화학_제품!A$4:A$453,">=2026-01",석유화학_제품!A$4:A$453,"<=2026-05") -> 904805700 | E27: =D27/SUMIFS(석유화학_제품!C$4:C$453,석유화학_제품!B$4:B$453,"방향족(벤젠·자일렌)",석유화학_제품!A$4:A$453,">=2025-01",석유화학_제품!A$4:A$453,"<=2025-05")-1 -> -0.1621116 | F27: =석유화학_제품!E362/AVERAGE(석유화학_제품!E350:E362)-1 -> 0.35073977 | G27: =B27/$B$7 -> 0.19321827 | H27: PX·벤젠 스프레드 개선, 월간 최고 성장
A28: 올레핀(에틸렌·프로필렌) | B28: =석유화학_제품!C452 -> 185396140 | C28: =석유화학_제품!G452/100 -> -0.22785459 | D28: =SUMIFS(석유화학_제품!C$4:C$453,석유화학_제품!B$4:B$453,"올레핀(에틸렌·프로필렌)",석유화학_제품!A$4:A$453,">=2026-01",석유화학_제품!A$4:A$453,"<=2026-05") -> 996888147 | E28: =D28/SUMIFS(석유화학_제품!C$4:C$453,석유화학_제품!B$4:B$453,"올레핀(에틸렌·프로필렌)",석유화학_제품!A$4:A$453,">=2025-01",석유화학_제품!A$4:A$453,"<=2025-05")-1 -> -0.1403728 | F28: =석유화학_제품!E452/AVERAGE(석유화학_제품!E440:E452)-1 -> 0.47035203 | G28: =B28/$B$7 -> 0.19812934 | H28: 나프단서·에틸렌 공급과잉, 지속 약세
A30: ⛴️ 조선 (HD한국조선해양·삼성중공업·한화오션·HD현대중공업)
A31: 품목 | B31: 최신월 (USD) | C31: YoY % | D31: YTD 2026 | E31: YTD YoY % | F31: ASP 추세 | G31: 비중 | H31: 코멘트
A32: 기타선박(LNG·컨테이너) | B32: =조선_제품!C92 -> 615633660 | C32: =조선_제품!G92/100 -> -0.57494495 | D32: =SUMIFS(조선_제품!C$4:C$453,조선_제품!B$4:B$453,A32,조선_제품!A$4:A$453,">=2026-01",조선_제품!A$4:A$453,"<=2026-05") -> 2458646760 | E32: =D32/SUMIFS(조선_제품!C$4:C$453,조선_제품!B$4:B$453,A32,조선_제품!A$4:A$453,">=2025-01",조선_제품!A$4:A$453,"<=2025-05")-1 -> -0.57222126 | F32: =조선_제품!E92/AVERAGE(조선_제품!E80:E92)-1 -> 1.5242651 | G32: =B32/$B$8 -> 0.24177199 | H32: 월별 등락폭 차이 큼 — 인도시 매출인식
A33: 선박엔진 | B33: =조선_제품!C182 -> 91777891 | C33: =조선_제품!G182/100 -> 0.56053686 | D33: =SUMIFS(조선_제품!C$4:C$453,조선_제품!B$4:B$453,A33,조선_제품!A$4:A$453,">=2026-01",조선_제품!A$4:A$453,"<=2026-05") -> 460315376 | E33: =D33/SUMIFS(조선_제품!C$4:C$453,조선_제품!B$4:B$453,A33,조선_제품!A$4:A$453,">=2025-01",조선_제품!A$4:A$453,"<=2025-05")-1 -> -0.00038869965 | F33: =조선_제품!E182/AVERAGE(조선_제품!E170:E182)-1 -> 0.033609712 | G33: =B33/$B$8 -> 0.036043063 | H33: 애프터마켓·AS 매출 견조, 고수익성
A34: 어선·작업선 | B34: =조선_제품!C272 -> 0 | C34: =조선_제품!G272/100 -> -1 | D34: =SUMIFS(조선_제품!C$4:C$453,조선_제품!B$4:B$453,A34,조선_제품!A$4:A$453,">=2026-01",조선_제품!A$4:A$453,"<=2026-05") -> 5806607 | E34: =D34/SUMIFS(조선_제품!C$4:C$453,조선_제품!B$4:B$453,A34,조선_제품!A$4:A$453,">=2025-01",조선_제품!A$4:A$453,"<=2025-05")-1 -> 0.071660298 | F34: =조선_제품!E272/AVERAGE(조선_제품!E260:E272)-1 -> -1 | G34: =B34/$B$8 -> 0 | H34: 니치마켓, 변동 극심
A35: 탱커 | B35: =조선_제품!C362 -> 1838928377 | C35: =조선_제품!G362/100 -> 1.7338464 | D35: =SUMIFS(조선_제품!C$4:C$453,조선_제품!B$4:B$453,A35,조선_제품!A$4:A$453,">=2026-01",조선_제품!A$4:A$453,"<=2026-05") -> 9520763857 | E35: =D35/SUMIFS(조선_제품!C$4:C$453,조선_제품!B$4:B$453,A35,조선_제품!A$4:A$453,">=2025-01",조선_제품!A$4:A$453,"<=2025-05")-1 -> 1.2812936 | F35: =조선_제품!E362/AVERAGE(조선_제품!E350:E362)-1 -> 0.17566511 | G35: =B35/$B$8 -> 0.72218495 | H35: +173% 폭등, 부육해운업 수설
A36: 해양구조물 | B36: =조선_제품!C452 -> 0 | C36: =조선_제품!G452/100 -> -1 | D36: =SUMIFS(조선_제품!C$4:C$453,조선_제품!B$4:B$453,A36,조선_제품!A$4:A$453,">=2026-01",조선_제품!A$4:A$453,"<=2026-05") -> 759284885 | E36: =D36/SUMIFS(조선_제품!C$4:C$453,조선_제품!B$4:B$453,A36,조선_제품!A$4:A$453,">=2025-01",조선_제품!A$4:A$453,"<=2025-05")-1 -> 0.4002532 | F36: =조선_제품!E452/AVERAGE(조선_제품!E440:E452)-1 -> -1 | G36: =B36/$B$8 -> 0 | H36: FPSO·모듈 대형 프로젝트
A38: 🩺 의료기기 (삼성메디슨·제이아이테크·루나소스 등)
A39: 품목 | B39: 최신월 (USD) | C39: YoY % | D39: YTD 2026 | E39: YTD YoY % | F39: ASP 추세 | G39: 비중 | H39: 코멘트
A40: CT | B40: =의료기기_제품!C92 -> 3463360 | C40: =의료기기_제품!G92/100 -> 0.20373798 | D40: =SUMIFS(의료기기_제품!C$4:C$453,의료기기_제품!B$4:B$453,A40,의료기기_제품!A$4:A$453,">=2026-01",의료기기_제품!A$4:A$453,"<=2026-05") -> 11834989 | E40: =IFERROR(D40/SUMIFS(의료기기_제품!C$4:C$453,의료기기_제품!B$4:B$453,A40,의료기기_제품!A$4:A$453,">=2025-01",의료기기_제품!A$4:A$453,"<=2025-05")-1,"-") -> -0.036162233 | F40: =IFERROR(의료기기_제품!E92/AVERAGE(의료기기_제품!E80:E92)-1,"-") -> 0.065037942 | G40: =B40/$B$9 -> 0.018069379 | H40: +20% 이상 고성장, 장비 고가제품
A41: 기타 의료기기 | B41: =의료기기_제품!C182 -> 95432540 | C41: =의료기기_제품!G182/100 -> 0.14006 | D41: =SUMIFS(의료기기_제품!C$4:C$453,의료기기_제품!B$4:B$453,A41,의료기기_제품!A$4:A$453,">=2026-01",의료기기_제품!A$4:A$453,"<=2026-05") -> 486812332 | E41: =IFERROR(D41/SUMIFS(의료기기_제품!C$4:C$453,의료기기_제품!B$4:B$453,A41,의료기기_제품!A$4:A$453,">=2025-01",의료기기_제품!A$4:A$453,"<=2025-05")-1,"-") -> 0.15217724 | F41: =IFERROR(의료기기_제품!E182/AVERAGE(의료기기_제품!E170:E182)-1,"-") -> 0.24792172 | G41: =B41/$B$9 -> 0.49789995 | H41: 최대 품목, 안정 성장
A42: 정형외과용(임플란트) | B42: =IFERROR(의료기기_제품!C272,"-") -> 0 | C42: =IFERROR(의료기기_제품!G272/100,"-") -> 0 | D42: 데이터 없음 | E42: - | F42: - | G42: - | H42: 원본 데이터 공란 — 확인 필요
A43: 초음파·진단 | B43: =의료기기_제품!C362 -> 74803480 | C43: =의료기기_제품!G362/100 -> 0.084090683 | D43: =SUMIFS(의료기기_제품!C$4:C$453,의료기기_제품!B$4:B$453,A43,의료기기_제품!A$4:A$453,">=2026-01",의료기기_제품!A$4:A$453,"<=2026-05") -> 399209831 | E43: =D43/SUMIFS(의료기기_제품!C$4:C$453,의료기기_제품!B$4:B$453,A43,의료기기_제품!A$4:A$453,">=2025-01",의료기기_제품!A$4:A$453,"<=2025-05")-1 -> 0.083644362 | F43: =의료기기_제품!E362/AVERAGE(의료기기_제품!E350:E362)-1 -> 0.084096286 | G43: =B43/$B$9 -> 0.39027201 | H43: POC 진단 확대, 안정적 성장
A44: 치과용 | B44: =의료기기_제품!C452 -> 17970734 | C44: =의료기기_제품!G452/100 -> 0.011367429 | D44: =SUMIFS(의료기기_제품!C$4:C$453,의료기기_제품!B$4:B$453,A44,의료기기_제품!A$4:A$453,">=2026-01",의료기기_제품!A$4:A$453,"<=2026-05") -> 97203291 | E44: =D44/SUMIFS(의료기기_제품!C$4:C$453,의료기기_제품!B$4:B$453,A44,의료기기_제품!A$4:A$453,">=2025-01",의료기기_제품!A$4:A$453,"<=2025-05")-1 -> -0.048801747 | F44: =의료기기_제품!E452/AVERAGE(의료기기_제품!E440:E452)-1 -> -0.22557503 | G44: =B44/$B$9 -> 0.093758665 | H44: 임플란트·교정재 수출 확대
A46: 🍜 K푸드 (CJ제일제당·농심·오뛸기·하이트진로 등)
A47: 품목 | B47: 최신월 (USD) | C47: YoY % | D47: YTD 2026 | E47: YTD YoY % | F47: ASP 추세 | G47: 비중 | H47: 코멘트
A48: 김치·조제채소 | B48: =K푸드_제품!C92 -> 14192108 | C48: =K푸드_제품!G92/100 -> 0.040068571 | D48: =SUMIFS(K푸드_제품!C$4:C$453,K푸드_제품!B$4:B$453,A48,K푸드_제품!A$4:A$453,">=2026-01",K푸드_제품!A$4:A$453,"<=2026-05") -> 76325139 | E48: =D48/SUMIFS(K푸드_제품!C$4:C$453,K푸드_제품!B$4:B$453,A48,K푸드_제품!A$4:A$453,">=2025-01",K푸드_제품!A$4:A$453,"<=2025-05")-1 -> 0.017753088 | F48: =K푸드_제품!E92/AVERAGE(K푸드_제품!E80:E92)-1 -> -0.030207283 | G48: =B48/$B$10 -> 0.044380425 | H48: 면도 확장, 안정적 성장
A49: 라면 | B49: =K푸드_제품!C182 -> 163668371 | C49: =K푸드_제품!G182/100 -> 0.1846615 | D49: =SUMIFS(K푸드_제품!C$4:C$453,K푸드_제품!B$4:B$453,A49,K푸드_제품!A$4:A$453,">=2026-01",K푸드_제품!A$4:A$453,"<=2026-05") -> 828125236 | E49: =D49/SUMIFS(K푸드_제품!C$4:C$453,K푸드_제품!B$4:B$453,A49,K푸드_제품!A$4:A$453,">=2025-01",K푸드_제품!A$4:A$453,"<=2025-05")-1 -> 0.26213166 | F49: =K푸드_제품!E182/AVERAGE(K푸드_제품!E170:E182)-1 -> 0.038691689 | G49: =B49/$B$10 -> 0.51181064 | H49: +18.5% 최고 성장, K수출 아이콘
A50: 음료 | B50: =K푸드_제품!C272 -> 57353909 | C50: =K푸드_제품!G272/100 -> -0.17094538 | D50: =SUMIFS(K푸드_제품!C$4:C$453,K푸드_제품!B$4:B$453,A50,K푸드_제품!A$4:A$453,">=2026-01",K푸드_제품!A$4:A$453,"<=2026-05") -> 317532405 | E50: =D50/SUMIFS(K푸드_제품!C$4:C$453,K푸드_제품!B$4:B$453,A50,K푸드_제품!A$4:A$453,">=2025-01",K푸드_제품!A$4:A$453,"<=2025-05")-1 -> 0.0021474665 | F50: =K푸드_제품!E272/AVERAGE(K푸드_제품!E260:E272)-1 -> -0.044000145 | G50: =B50/$B$10 -> 0.17935256 | H50: 5월 일시 약세, YTD는 견조
A51: 주류(소주 등) | B51: =K푸드_제품!C362 -> 7675833 | C51: =K푸드_제품!G362/100 -> -0.05790396 | D51: =SUMIFS(K푸드_제품!C$4:C$453,K푸드_제품!B$4:B$453,A51,K푸드_제품!A$4:A$453,">=2026-01",K푸드_제품!A$4:A$453,"<=2026-05") -> 34459785 | E51: =D51/SUMIFS(K푸드_제품!C$4:C$453,K푸드_제품!B$4:B$453,A51,K푸드_제품!A$4:A$453,">=2025-01",K푸드_제품!A$4:A$453,"<=2025-05")-1 -> -0.13918275 | F51: =K푸드_제품!E362/AVERAGE(K푸드_제품!E350:E362)-1 -> 0.020757222 | G51: =B51/$B$10 -> 0.024003251 | H51: 소주 글로벌화 둘화
A52: 혼합조제식품(소스류) | B52: =K푸드_제품!C452 -> 76892837 | C52: =K푸드_제품!G452/100 -> -0.11109871 | D52: =SUMIFS(K푸드_제품!C$4:C$453,K푸드_제품!B$4:B$453,A52,K푸드_제품!A$4:A$453,">=2026-01",K푸드_제품!A$4:A$453,"<=2026-05") -> 426222141 | E52: =D52/SUMIFS(K푸드_제품!C$4:C$453,K푸드_제품!B$4:B$453,A52,K푸드_제품!A$4:A$453,">=2025-01",K푸드_제품!A$4:A$453,"<=2025-05")-1 -> 0.11480398 | F52: =K푸드_제품!E452/AVERAGE(K푸드_제품!E440:E452)-1 -> 0.032702784 | G52: =B52/$B$10 -> 0.24045313 | H52: 고추장 · 되장 수출
A54: 3. 핵심 인사이트 및 시사점
A56: 🔥 승자 그룹 (YoY 성장세)
A57: · 조선 (+16.8% YoY, +26.3% TTM): 탱커 +173%, 선박엔진 +56%. LNG·신환경선 스퍼사이클의 완전한 수혜 구간으로, ASP도 폭등.
A58: · 의료기기 (+10.6% YoY, +12.0% TTM): 이끈는 성장. CT(+20%) 주도 + 초음파·치과 안정 확장. 경기 민감도 낮은 디펜시브 세터.
A59: · K푸드 (+14.4% YTD, +11.1% TTM): 라면 +26% YTD, 김치·혼합조제식품 양호. 5월 몇몇 품목 일시 조정이지 추세 디골렌트 아님.
A61: ⚠️ 관찰 대상 (혼조 · 반전 가능)
A62: · 석유화학 (5월 +5.2%, 하지만 TTM -9.5%): PVC·방향족이 반등을 이딠고, PE 안정적. 올레핀 약세 지속이 의미있는 변곱점.
A63: · 의료기기 '정형외과용(임플란트)': 원본 데이터 전구간 공란. 수집 소스 확인 필요(흐린널, 코드 상이 가능성).
A65: 📉 약세 그룹 (구조적 압박)
A66: · 철강 (-11.3% YoY, -9.9% TTM): 열연·냉연·도금 3대 품목 동방 약세. 중국 공급 과잉 + 국내 자동차·건설 수요 부진 촉합. 스테인리스·강관만 양전.
A68: 💡 투자·모니터링 포인트
A69: · 조선·의료기기·K푸드 다음·다다음 분기 가이던스·수주 잔고 파일라인 점검 권장.
... A78: 🏭 철강 — 열연·도금강판 (HS 7208/7210)
A79: 향지 | B79: 최신월 수출액 (USD) | C79: YoY % | D79: YTD 2026 (USD) | E79: YTD YoY % | F79: 대표품목 내 비중 | G79: 코멘트
A80: 인도 | B80: =SUMIFS(철강_국가!C:C,철강_국가!A:A,"2026-05",철강_국가!B:B,$A80) -> 106133221 | C80: =IFERROR(B80/SUMIFS(철강_국가!C:C,철강_국가!A:A,"2025-05",철강_국가!B:B,$A80)-1,"-") -> -0.091867927 | D80: =SUMIFS(철강_국가!C:C,철강_국가!A:A,">=2026-01",철강_국가!A:A,"<=2026-05",철강_국가!B:B,$A80) -> 504646085 | E80: =IFERROR(D80/SUMIFS(철강_국가!C:C,철강_국가!A:A,">=2025-01",철강_국가!A:A,"<=2025-05",철강_국가!B:B,$A80)-1,"-") -> 0.055214786 | F80: =IFERROR(B80/SUMIFS(철강_국가!C:C,철강_국가!A:A,"2026-05"),"-") -> 0.13243945 | G80: 최대 시장, 5월 -9% 둔화
A81: 일본 | B81: =SUMIFS(철강_국가!C:C,철강_국가!A:A,"2026-05",철강_국가!B:B,$A81) -> 96422063 | C81: =IFERROR(B81/SUMIFS(철강_국가!C:C,철강_국가!A:A,"2025-05",철강_국가!B:B,$A81)-1,"-") -> -0.26268541 | D81: =SUMIFS(철강_국가!C:C,철강_국가!A:A,">=2026-01",철강_국가!A:A,"<=2026-05",철강_국가!B:B,$A81) -> 472005512 | E81: =IFERROR(D81/SUMIFS(철강_국가!C:C,철강_국가!A:A,">=2025-01",철강_국가!A:A,"<=2025-05",철강_국가!B:B,$A81)-1,"-") -> -0.25391895 | F81: =IFERROR(B81/SUMIFS(철강_국가!C:C,철강_국가!A:A,"2026-05"),"-") -> 0.12032128 | G81: YTD -25%, 약세 지속
A82: 미국 | B82: =SUMIFS(철강_국가!C:C,철강_국가!A:A,"2026-05",철강_국가!B:B,$A82) -> 85239549 | C82: =IFERROR(B82/SUMIFS(철강_국가!C:C,철강_국가!A:A,"2025-05",철강_국가!B:B,$A82)-1,"-") -> -0.12532599 | D82: =SUMIFS(철강_국가!C:C,철강_국가!A:A,">=2026-01",철강_국가!A:A,"<=2026-05",철강_국가!B:B,$A82) -> 444937009 | E82: =IFERROR(D82/SUMIFS(철강_국가!C:C,철강_국가!A:A,">=2025-01",철강_국가!A:A,"<=2025-05",철강_국가!B:B,$A82)-1,"-") -> 0.026367246 | F82: =IFERROR(B82/SUMIFS(철강_국가!C:C,철강_국가!A:A,"2026-05"),"-") -> 0.10636707
A83: 튀르키예 | B83: =SUMIFS(철강_국가!C:C,철강_국가!A:A,"2026-05",철강_국가!B:B,$A83) -> 64656653 | C83: =IFERROR(B83/SUMIFS(철강_국가!C:C,철강_국가!A:A,"2025-05",철강_국가!B:B,$A83)-1,"-") -> 0.1309019 | D83: =SUMIFS(철강_국가!C:C,철강_국가!A:A,">=2026-01",철강_국가!A:A,"<=2026-05",철강_국가!B:B,$A83) -> 307532306 | E83: =IFERROR(D83/SUMIFS(철강_국가!C:C,철강_국가!A:A,">=2025-01",철강_국가!A:A,"<=2025-05",철강_국가!B:B,$A83)-1,"-") -> 0.13146672 | F83: =IFERROR(B83/SUMIFS(철강_국가!C:C,철강_국가!A:A,"2026-05"),"-") -> 0.080682484
A84: 멕시코 | B84: =SUMIFS(철강_국가!C:C,철강_국가!A:A,"2026-05",철강_국가!B:B,$A84) -> 62599772 | C84: =IFERROR(B84/SUMIFS(철강_국가!C:C,철강_국가!A:A,"2025-05",철강_국가!B:B,$A84)-1,"-") -> -0.18270578 | D84: =SUMIFS(철강_국가!C:C,철강_국가!A:A,">=2026-01",철강_국가!A:A,"<=2026-05",철강_국가!B:B,$A84) -> 360887750 | E84: =IFERROR(D84/SUMIFS(철강_국가!C:C,철강_국가!A:A,">=2025-01",철강_국가!A:A,"<=2025-05",철강_국가!B:B,$A84)-1,"-") -> -0.03033768 | F84: =IFERROR(B84/SUMIFS(철강_국가!C:C,철강_국가!A:A,"2026-05"),"-") -> 0.078115783
A85: 태국 | B85: =SUMIFS(철강_국가!C:C,철강_국가!A:A,"2026-05",철강_국가!B:B,$A85) -> 37866657 | C85: =IFERROR(B85/SUMIFS(철강_국가!C:C,철강_국가!A:A,"2025-05",철강_국가!B:B,$A85)-1,"-") -> 0.19685741 | D85: =SUMIFS(철강_국가!C:C,철강_국가!A:A,">=2026-01",철강_국가!A:A,"<=2026-05",철강_국가!B:B,$A85) -> 171898930 | E85: =IFERROR(D85/SUMIFS(철강_국가!C:C,철강_국가!A:A,">=2025-01",철강_국가!A:A,"<=2025-05",철강_국가!B:B,$A85)-1,"-") -> 0.18659648 | F85: =IFERROR(B85/SUMIFS(철강_국가!C:C,철강_국가!A:A,"2026-05"),"-") -> 0.047252306 | G85: +20% 증가, 신흥 수요
A86: 베트남 | B86: =SUMIFS(철강_국가!C:C,철강_국가!A:A,"2026-05",철강_국가!B:B,$A86) -> 36484458 | C86: =IFERROR(B86/SUMIFS(철강_국가!C:C,철강_국가!A:A,"2025-05",철강_국가!B:B,$A86)-1,"-") -> -0.26078306 | D86: =SUMIFS(철강_국가!C:C,철강_국가!A:A,">=2026-01",철강_국가!A:A,"<=2026-05",철강_국가!B:B,$A86) -> 215840912 | E86: =IFERROR(D86/SUMIFS(철강_국가!C:C,철강_국가!A:A,">=2025-01",철강_국가!A:A,"<=2025-05",철강_국가!B:B,$A86)-1,"-") -> -0.034216408 | F86: =IFERROR(B86/SUMIFS(철강_국가!C:C,철강_국가!A:A,"2026-05"),"-") -> 0.045527514
A87: 중국 | B87: =SUMIFS(철강_국가!C:C,철강_국가!A:A,"2026-05",철강_국가!B:B,$A87) -> 35483251 | C87: =IFERROR(B87/SUMIFS(철강_국가!C:C,철강_국가!A:A,"2025-05",철강_국가!B:B,$A87)-1,"-") -> -0.22338864 | D87: =SUMIFS(철강_국가!C:C,철강_국가!A:A,">=2026-01",철강_국가!A:A,"<=2026-05",철강_국가!B:B,$A87) -> 197861540 | E87: =IFERROR(D87/SUMIFS(철강_국가!C:C,철강_국가!A:A,">=2025-01",철강_국가!A:A,"<=2025-05",철강_국가!B:B,$A87)-1,"-") -> -0.12047052 | F87: =IFERROR(B87/SUMIFS(철강_국가!C:C,철강_국가!A:A,"2026-05"),"-") -> 0.044278147
A89: ⚗️ 석유화학 — PE·PP (HS 390110/390210)
A90: 향지 | B90: 최신월 수출액 (USD) | C90: YoY % | D90: YTD 2026 (USD) | E90: YTD YoY % | F90: 대표품목 내 비중 | G90: 코멘트
A91: 중국 | B91: =SUMIFS(석유화학_국가!C:C,석유화학_국가!A:A,"2026-05",석유화학_국가!B:B,$A91) -> 63055562 | C91: =IFERROR(B91/SUMIFS(석유화학_국가!C:C,석유화학_국가!A:A,"2025-05",석유화학_국가!B:B,$A91)-1,"-") -> 0.003476321 | D91: =SUMIFS(석유화학_국가!C:C,석유화학_국가!A:A,">=2026-01",석유화학_국가!A:A,"<=2026-05",석유화학_국가!B:B,$A91) -> 335222116 | E91: =IFERROR(D91/SUMIFS(석유화학_국가!C:C,석유화학_국가!A:A,">=2025-01",석유화학_국가!A:A,"<=2025-05",석유화학_국가!B:B,$A91)-1,"-") -> -0.087955427 | F91: =IFERROR(B91/SUMIFS(석유화학_국가!C:C,석유화학_국가!A:A,"2026-05"),"-") -> 0.27678817 | G91: 최대 시장, 비중 28% — 의존도 집중
A92: 튀르키예 | B92: =SUMIFS(석유화학_국가!C:C,석유화학_국가!A:A,"2026-05",석유화학_국가!B:B,$A92) -> 19371743 | C92: =IFERROR(B92/SUMIFS(석유화학_국가!C:C,석유화학_국가!A:A,"2025-05",석유화학_국가!B:B,$A92)-1,"-") -> -0.26514242 | D92: =SUMIFS(석유화학_국가!C:C,석유화학_국가!A:A,">=2026-01",석유화학_국가!A:A,"<=2026-05",석유화학_국가!B:B,$A92) -> 120502422 | E92: =IFERROR(D92/SUMIFS(석유화학_국가!C:C,석유화학_국가!A:A,">=2025-01",석유화학_국가!A:A,"<=2025-05",석유화학_국가!B:B,$A92)-1,"-") -> -0.21888857 | F92: =IFERROR(B92/SUMIFS(석유화학_국가!C:C,석유화학_국가!A:A,"2026-05"),"-") -> 0.08503404
A93: 인도 | B93: =SUMIFS(석유화학_국가!C:C,석유화학_국가!A:A,"2026-05",석유화학_국가!B:B,$A93) -> 14630186 | C93: =IFERROR(B93/SUMIFS(석유화학_국가!C:C,석유화학_국가!A:A,"2025-05",석유화학_국가!B:B,$A93)-1,"-") -> 0.46422468 | D93: =SUMIFS(석유화학_국가!C:C,석유화학_국가!A:A,">=2026-01",석유화학_국가!A:A,"<=2026-05",석유화학_국가!B:B,$A93) -> 60750457 | E93: =IFERROR(D93/SUMIFS(석유화학_국가!C:C,석유화학_국가!A:A,">=2025-01",석유화학_국가!A:A,"<=2025-05",석유화학_국가!B:B,$A93)-1,"-") -> 0.3709162 | F93: =IFERROR(B93/SUMIFS(석유화학_국가!C:C,석유화학_국가!A:A,"2026-05"),"-") -> 0.064220542
A94: 베트남 | B94: =SUMIFS(석유화학_국가!C:C,석유화학_국가!A:A,"2026-05",석유화학_국가!B:B,$A94) -> 14176761 | C94: =IFERROR(B94/SUMIFS(석유화학_국가!C:C,석유화학_국가!A:A,"2025-05",석유화학_국가!B:B,$A94)-1,"-") -> -0.12871939 | D94: =SUMIFS(석유화학_국가!C:C,석유화학_국가!A:A,">=2026-01",석유화학_국가!A:A,"<=2026-05",석유화학_국가!B:B,$A94) -> 98860390 | E94: =IFERROR(D94/SUMIFS(석유화학_국가!C:C,석유화학_국가!A:A,">=2025-01",석유화학_국가!A:A,"<=2025-05",석유화학_국가!B:B,$A94)-1,"-") -> -0.1027862 | F94: =IFERROR(B94/SUMIFS(석유화학_국가!C:C,석유화학_국가!A:A,"2026-05"),"-") -> 0.062230191
A95: 인도네시아 | B95: =SUMIFS(석유화학_국가!C:C,석유화학_국가!A:A,"2026-05",석유화학_국가!B:B,$A95) -> 9263955 | C95: =IFERROR(B95/SUMIFS(석유화학_국가!C:C,석유화학_국가!A:A,"2025-05",석유화학_국가!B:B,$A95)-1,"-") -> 1.4338849 | D95: =SUMIFS(석유화학_국가!C:C,석유화학_국가!A:A,">=2026-01",석유화학_국가!A:A,"<=2026-05",석유화학_국가!B:B,$A95) -> 30429154 | E95: =IFERROR(D95/SUMIFS(석유화학_국가!C:C,석유화학_국가!A:A,">=2025-01",석유화학_국가!A:A,"<=2025-05",석유화학_국가!B:B,$A95)-1,"-") -> 0.63709787 | F95: =IFERROR(B95/SUMIFS(석유화학_국가!C:C,석유화학_국가!A:A,"2026-05"),"-") -> 0.040664979 | G95: +143% 급증, 다변화
A96: 이탈리아 | B96: =SUMIFS(석유화학_국가!C:C,석유화학_국가!A:A,"2026-05",석유화학_국가!B:B,$A96) -> 8472753 | C96: =IFERROR(B96/SUMIFS(석유화학_국가!C:C,석유화학_국가!A:A,"2025-05",석유화학_국가!B:B,$A96)-1,"-") -> 0.1921047 | D96: =SUMIFS(석유화학_국가!C:C,석유화학_국가!A:A,">=2026-01",석유화학_국가!A:A,"<=2026-05",석유화학_국가!B:B,$A96) -> 38603833 | E96: =IFERROR(D96/SUMIFS(석유화학_국가!C:C,석유화학_국가!A:A,">=2025-01",석유화학_국가!A:A,"<=2025-05",석유화학_국가!B:B,$A96)-1,"-") -> 0.3697295 | F96: =IFERROR(B96/SUMIFS(석유화학_국가!C:C,석유화학_국가!A:A,"2026-05"),"-") -> 0.037191925
A97: 벨기에 | B97: =SUMIFS(석유화학_국가!C:C,석유화학_국가!A:A,"2026-05",석유화학_국가!B:B,$A97) -> 8099234 | C97: =IFERROR(B97/SUMIFS(석유화학_국가!C:C,석유화학_국가!A:A,"2025-05",석유화학_국가!B:B,$A97)-1,"-") -> 0.37498739 | D97: =SUMIFS(석유화학_국가!C:C,석유화학_국가!A:A,">=2026-01",석유화학_국가!A:A,"<=2026-05",석유화학_국가!B:B,$A97) -> 34573745 | E97: =IFERROR(D97/SUMIFS(석유화학_국가!C:C,석유화학_국가!A:A,">=2025-01",석유화학_국가!A:A,"<=2025-05",석유화학_국가!B:B,$A97)-1,"-") -> 0.26789507 | F97: =IFERROR(B97/SUMIFS(석유화학_국가!C:C,석유화학_국가!A:A,"2026-05"),"-") -> 0.03555233
A98: 폴란드 | B98: =SUMIFS(석유화학_국가!C:C,석유화학_국가!A:A,"2026-05",석유화학_국가!B:B,$A98) -> 6707240 | C98: =IFERROR(B98/SUMIFS(석유화학_국가!C:C,석유화학_국가!A:A,"2025-05",석유화학_국가!B:B,$A98)-1,"-") -> 0.57764477 | D98: =SUMIFS(석유화학_국가!C:C,석유화학_국가!A:A,">=2026-01",석유화학_국가!A:A,"<=2026-05",석유화학_국가!B:B,$A98) -> 31861745 | E98: =IFERROR(D98/SUMIFS(석유화학_국가!C:C,석유화학_국가!A:A,">=2025-01",석유화학_국가!A:A,"<=2025-05",석유화학_국가!B:B,$A98)-1,"-") -> 0.22194967 | F98: =IFERROR(B98/SUMIFS(석유화학_국가!C:C,석유화학_국가!A:A,"2026-05"),"-") -> 0.029442044
A100: ⛴️ 조선 — 기타선박(LNG·컨테이너 등, HS 890190)
A101: 향지 | B101: 최신월 수출액 (USD) | C101: YoY % | D101: YTD 2026 (USD) | E101: YTD YoY % | F101: 대표품목 내 비중 | G101: 코멘트
A102: 마샬군도 | B102: =SUMIFS(조선_국가!C:C,조선_국가!A:A,"2026-05",조선_국가!B:B,$A102) -> 246283156 | C102: =IFERROR(B102/SUMIFS(조선_국가!C:C,조선_국가!A:A,"2025-05",조선_국가!B:B,$A102)-1,"-") -> 2.5693466 | D102: =SUMIFS(조선_국가!C:C,조선_국가!A:A,">=2026-01",조선_국가!A:A,"<=2026-05",조선_국가!B:B,$A102) -> 493608349 | E102: =IFERROR(D102/SUMIFS(조선_국가!C:C,조선_국가!A:A,">=2025-01",조선_국가!A:A,"<=2025-05",조선_국가!B:B,$A102)-1,"-") -> 1.3072175 | F102: =IFERROR(B102/SUMIFS(조선_국가!C:C,조선_국가!A:A,"2026-05"),"-") -> 0.40004823 | G102: 편의치적국 (실수요 ≠ 선적국)
A103: 몰타 | B103: =SUMIFS(조선_국가!C:C,조선_국가!A:A,"2026-05",조선_국가!B:B,$A103) -> 240000000 | C103: =IFERROR(B103/SUMIFS(조선_국가!C:C,조선_국가!A:A,"2025-05",조선_국가!B:B,$A103)-1,"-") -> 0.86243511 | D103: =SUMIFS(조선_국가!C:C,조선_국가!A:A,">=2026-01",조선_국가!A:A,"<=2026-05",조선_국가!B:B,$A103) -> 587057638 | E103: =IFERROR(D103/SUMIFS(조선_국가!C:C,조선_국가!A:A,">=2025-01",조선_국가!A:A,"<=2025-05",조선_국가!B:B,$A103)-1,"-") -> -0.24580529 | F103: =IFERROR(B103/SUMIFS(조선_국가!C:C,조선_국가!A:A,"2026-05"),"-") -> 0.38984223 | G103: 편의치적국 — 월 인식 변동 큼
A104: 싱가포르 | B104: =SUMIFS(조선_국가!C:C,조선_국가!A:A,"2026-05",조선_국가!B:B,$A104) -> 126950052 | C104: =IFERROR(B104/SUMIFS(조선_국가!C:C,조선_국가!A:A,"2025-05",조선_국가!B:B,$A104)-1,"-") -> -0.50671306 | D104: =SUMIFS(조선_국가!C:C,조선_국가!A:A,">=2026-01",조선_국가!A:A,"<=2026-05",조선_국가!B:B,$A104) -> 532058798 | E104: =IFERROR(D104/SUMIFS(조선_국가!C:C,조선_국가!A:A,">=2025-01",조선_국가!A:A,"<=2025-05",조선_국가!B:B,$A104)-1,"-") -> -0.53350621 | F104: =IFERROR(B104/SUMIFS(조선_국가!C:C,조선_국가!A:A,"2026-05"),"-") -> 0.20621038
A105: 대만 | B105: =SUMIFS(조선_국가!C:C,조선_국가!A:A,"2026-05",조선_국가!B:B,$A105) -> 1700000 | C105: =IFERROR(B105/SUMIFS(조선_국가!C:C,조선_국가!A:A,"2025-05",조선_국가!B:B,$A105)-1,"-") -> - | D105: =SUMIFS(조선_국가!C:C,조선_국가!A:A,">=2026-01",조선_국가!A:A,"<=2026-05",조선_국가!B:B,$A105) -> 4927874 | E105: =IFERROR(D105/SUMIFS(조선_국가!C:C,조선_국가!A:A,">=2025-01",조선_국가!A:A,"<=2025-05",조선_국가!B:B,$A105)-1,"-") -> - | F105: =IFERROR(B105/SUMIFS(조선_국가!C:C,조선_국가!A:A,"2026-05"),"-") -> 0.0027613825
A106: 아랍에미리트 연합 | B106: =SUMIFS(조선_국가!C:C,조선_국가!A:A,"2026-05",조선_국가!B:B,$A106) -> 700000 | C106: =IFERROR(B106/SUMIFS(조선_국가!C:C,조선_국가!A:A,"2025-05",조선_국가!B:B,$A106)-1,"-") -> 0.27272727 | D106: =SUMIFS(조선_국가!C:C,조선_국가!A:A,">=2026-01",조선_국가!A:A,"<=2026-05",조선_국가!B:B,$A106) -> 2754794 | E106: =IFERROR(D106/SUMIFS(조선_국가!C:C,조선_국가!A:A,">=2025-01",조선_국가!A:A,"<=2025-05",조선_국가!B:B,$A106)-1,"-") -> 1.8997832 | F106: =IFERROR(B106/SUMIFS(조선_국가!C:C,조선_국가!A:A,"2026-05"),"-") -> 0.0011370398
A107: 일본 | B107: =SUMIFS(조선_국가!C:C,조선_국가!A:A,"2026-05",조선_국가!B:B,$A107) -> 452 | C107: =IFERROR(B107/SUMIFS(조선_국가!C:C,조선_국가!A:A,"2025-05",조선_국가!B:B,$A107)-1,"-") -> -0.99989488 | D107: =SUMIFS(조선_국가!C:C,조선_국가!A:A,">=2026-01",조선_국가!A:A,"<=2026-05",조선_국가!B:B,$A107) -> 7348 | E107: =IFERROR(D107/SUMIFS(조선_국가!C:C,조선_국가!A:A,">=2025-01",조선_국가!A:A,"<=2025-05",조선_국가!B:B,$A107)-1,"-") -> -0.9982927 | F107: =IFERROR(B107/SUMIFS(조선_국가!C:C,조선_국가!A:A,"2026-05"),"-") -> 7.3420287e-07
A108: 호주 | B108: =SUMIFS(조선_국가!C:C,조선_국가!A:A,"2026-05",조선_국가!B:B,$A108) -> 0 | C108: =IFERROR(B108/SUMIFS(조선_국가!C:C,조선_국가!A:A,"2025-05",조선_국가!B:B,$A108)-1,"-") -> -1 | D108: =SUMIFS(조선_국가!C:C,조선_국가!A:A,">=2026-01",조선_국가!A:A,"<=2026-05",조선_국가!B:B,$A108) -> 81750000 | E108: =IFERROR(D108/SUMIFS(조선_국가!C:C,조선_국가!A:A,">=2025-01",조선_국가!A:A,"<=2025-05",조선_국가!B:B,$A108)-1,"-") -> -0.51146781 | F108: =IFERROR(B108/SUMIFS(조선_국가!C:C,조선_국가!A:A,"2026-05"),"-") -> 0 | G108: 5월 0, YTD는 $82M (인도시 인식)
A109: 중국 | B109: =SUMIFS(조선_국가!C:C,조선_국가!A:A,"2026-05",조선_국가!B:B,$A109) -> 0 | C109: =IFERROR(B109/SUMIFS(조선_국가!C:C,조선_국가!A:A,"2025-05",조선_국가!B:B,$A109)-1,"-") -> -1 | D109: =SUMIFS(조선_국가!C:C,조선_국가!A:A,">=2026-01",조선_국가!A:A,"<=2026-05",조선_국가!B:B,$A109) -> 40000000 | E109: =IFERROR(D109/SUMIFS(조선_국가!C:C,조선_국가!A:A,">=2025-01",조선_국가!A:A,"<=2025-05",조선_국가!B:B,$A109)-1,"-") -> 1.845355 | F109: =IFERROR(B109/SUMIFS(조선_국가!C:C,조선_국가!A:A,"2026-05"),"-") -> 0
A111: 🩺 의료기기 — 기타 의료기기 (HS 901890)
A112: 향지 | B112: 최신월 수출액 (USD) | C112: YoY % | D112: YTD 2026 (USD) | E112: YTD YoY % | F112: 대표품목 내 비중 | G112: 코멘트
A113: 미국 | B113: =SUMIFS(의료기기_국가!C:C,의료기기_국가!A:A,"2026-05",의료기기_국가!B:B,$A113) -> 20564417 | C113: =IFERROR(B113/SUMIFS(의료기기_국가!C:C,의료기기_국가!A:A,"2025-05",의료기기_국가!B:B,$A113)-1,"-") -> 0.13855806 | D113: =SUMIFS(의료기기_국가!C:C,의료기기_국가!A:A,">=2026-01",의료기기_국가!A:A,"<=2026-05",의료기기_국가!B:B,$A113) -> 89221010 | E113: =IFERROR(D113/SUMIFS(의료기기_국가!C:C,의료기기_국가!A:A,">=2025-01",의료기기_국가!A:A,"<=2025-05",의료기기_국가!B:B,$A113)-1,"-") -> 0.12388741 | F113: =IFERROR(B113/SUMIFS(의료기기_국가!C:C,의료기기_국가!A:A,"2026-05"),"-") -> 0.21548643 | G113: 최대 시장 +14%, YTD +12%
A114: 일본 | B114: =SUMIFS(의료기기_국가!C:C,의료기기_국가!A:A,"2026-05",의료기기_국가!B:B,$A114) -> 12074624 | C114: =IFERROR(B114/SUMIFS(의료기기_국가!C:C,의료기기_국가!A:A,"2025-05",의료기기_국가!B:B,$A114)-1,"-") -> 0.22143797 | D114: =SUMIFS(의료기기_국가!C:C,의료기기_국가!A:A,">=2026-01",의료기기_국가!A:A,"<=2026-05",의료기기_국가!B:B,$A114) -> 54498369 | E114: =IFERROR(D114/SUMIFS(의료기기_국가!C:C,의료기기_국가!A:A,">=2025-01",의료기기_국가!A:A,"<=2025-05",의료기기_국가!B:B,$A114)-1,"-") -> 0.070305189 | F114: =IFERROR(B114/SUMIFS(의료기기_국가!C:C,의료기기_국가!A:A,"2026-05"),"-") -> 0.12652523
A115: 브라질 | B115: =SUMIFS(의료기기_국가!C:C,의료기기_국가!A:A,"2026-05",의료기기_국가!B:B,$A115) -> 6287061 | C115: =IFERROR(B115/SUMIFS(의료기기_국가!C:C,의료기기_국가!A:A,"2025-05",의료기기_국가!B:B,$A115)-1,"-") -> 1.4078688 | D115: =SUMIFS(의료기기_국가!C:C,의료기기_국가!A:A,">=2026-01",의료기기_국가!A:A,"<=2026-05",의료기기_국가!B:B,$A115) -> 21750699 | E115: =IFERROR(D115/SUMIFS(의료기기_국가!C:C,의료기기_국가!A:A,">=2025-01",의료기기_국가!A:A,"<=2025-05",의료기기_국가!B:B,$A115)-1,"-") -> 0.13284448 | F115: =IFERROR(B115/SUMIFS(의료기기_국가!C:C,의료기기_국가!A:A,"2026-05"),"-") -> 0.065879636 | G115: +141% 급증
A116: 태국 | B116: =SUMIFS(의료기기_국가!C:C,의료기기_국가!A:A,"2026-05",의료기기_국가!B:B,$A116) -> 6040544 | C116: =IFERROR(B116/SUMIFS(의료기기_국가!C:C,의료기기_국가!A:A,"2025-05",의료기기_국가!B:B,$A116)-1,"-") -> 0.072526442 | D116: =SUMIFS(의료기기_국가!C:C,의료기기_국가!A:A,">=2026-01",의료기기_국가!A:A,"<=2026-05",의료기기_국가!B:B,$A116) -> 33605063 | E116: =IFERROR(D116/SUMIFS(의료기기_국가!C:C,의료기기_국가!A:A,">=2025-01",의료기기_국가!A:A,"<=2025-05",의료기기_국가!B:B,$A116)-1,"-") -> 0.23773389 | F116: =IFERROR(B116/SUMIFS(의료기기_국가!C:C,의료기기_국가!A:A,"2026-05"),"-") -> 0.063296481
A117: 러시아 연방 | B117: =SUMIFS(의료기기_국가!C:C,의료기기_국가!A:A,"2026-05",의료기기_국가!B:B,$A117) -> 4830889 | C117: =IFERROR(B117/SUMIFS(의료기기_국가!C:C,의료기기_국가!A:A,"2025-05",의료기기_국가!B:B,$A117)-1,"-") -> 0.11154831 | D117: =SUMIFS(의료기기_국가!C:C,의료기기_국가!A:A,">=2026-01",의료기기_국가!A:A,"<=2026-05",의료기기_국가!B:B,$A117) -> 23512195 | E117: =IFERROR(D117/SUMIFS(의료기기_국가!C:C,의료기기_국가!A:A,">=2025-01",의료기기_국가!A:A,"<=2025-05",의료기기_국가!B:B,$A117)-1,"-") -> 0.17227814 | F117: =IFERROR(B117/SUMIFS(의료기기_국가!C:C,의료기기_국가!A:A,"2026-05"),"-") -> 0.050620983
A118: 대만 | B118: =SUMIFS(의료기기_국가!C:C,의료기기_국가!A:A,"2026-05",의료기기_국가!B:B,$A118) -> 4119276 | C118: =IFERROR(B118/SUMIFS(의료기기_국가!C:C,의료기기_국가!A:A,"2025-05",의료기기_국가!B:B,$A118)-1,"-") -> -0.078513488 | D118: =SUMIFS(의료기기_국가!C:C,의료기기_국가!A:A,">=2026-01",의료기기_국가!A:A,"<=2026-05",의료기기_국가!B:B,$A118) -> 19669699 | E118: =IFERROR(D118/SUMIFS(의료기기_국가!C:C,의료기기_국가!A:A,">=2025-01",의료기기_국가!A:A,"<=2025-05",의료기기_국가!B:B,$A118)-1,"-") -> 0.10635882 | F118: =IFERROR(B118/SUMIFS(의료기기_국가!C:C,의료기기_국가!A:A,"2026-05"),"-") -> 0.043164271
A119: 중국 | B119: =SUMIFS(의료기기_국가!C:C,의료기기_국가!A:A,"2026-05",의료기기_국가!B:B,$A119) -> 3863127 | C119: =IFERROR(B119/SUMIFS(의료기기_국가!C:C,의료기기_국가!A:A,"2025-05",의료기기_국가!B:B,$A119)-1,"-") -> 0.72194126 | D119: =SUMIFS(의료기기_국가!C:C,의료기기_국가!A:A,">=2026-01",의료기기_국가!A:A,"<=2026-05",의료기기_국가!B:B,$A119) -> 16096205 | E119: =IFERROR(D119/SUMIFS(의료기기_국가!C:C,의료기기_국가!A:A,">=2025-01",의료기기_국가!A:A,"<=2025-05",의료기기_국가!B:B,$A119)-1,"-") -> 0.24090093 | F119: =IFERROR(B119/SUMIFS(의료기기_국가!C:C,의료기기_국가!A:A,"2026-05"),"-") -> 0.040480186 | G119: +72%, 회복세
A120: 인도 | B120: =SUMIFS(의료기기_국가!C:C,의료기기_국가!A:A,"2026-05",의료기기_국가!B:B,$A120) -> 3767875 | C120: =IFERROR(B120/SUMIFS(의료기기_국가!C:C,의료기기_국가!A:A,"2025-05",의료기기_국가!B:B,$A120)-1,"-") -> 1.0218152 | D120: =SUMIFS(의료기기_국가!C:C,의료기기_국가!A:A,">=2026-01",의료기기_국가!A:A,"<=2026-05",의료기기_국가!B:B,$A120) -> 19417414 | E120: =IFERROR(D120/SUMIFS(의료기기_국가!C:C,의료기기_국가!A:A,">=2025-01",의료기기_국가!A:A,"<=2025-05",의료기기_국가!B:B,$A120)-1,"-") -> 0.095367608 | F120: =IFERROR(B120/SUMIFS(의료기기_국가!C:C,의료기기_국가!A:A,"2026-05"),"-") -> 0.039482078
A122: 🍜 K푸드 — 라면 (HS 190230)
A123: 향지 | B123: 최신월 수출액 (USD) | C123: YoY % | D123: YTD 2026 (USD) | E123: YTD YoY % | F123: 대표품목 내 비중 | G123: 코멘트
A124: 중국 | B124: =SUMIFS(K푸드_국가!C:C,K푸드_국가!A:A,"2026-05",K푸드_국가!B:B,$A124) -> 40978886 | C124: =IFERROR(B124/SUMIFS(K푸드_국가!C:C,K푸드_국가!A:A,"2025-05",K푸드_국가!B:B,$A124)-1,"-") -> 0.25987063 | D124: =SUMIFS(K푸드_국가!C:C,K푸드_국가!A:A,">=2026-01",K푸드_국가!A:A,"<=2026-05",K푸드_국가!B:B,$A124) -> 175381513 | E124: =IFERROR(D124/SUMIFS(K푸드_국가!C:C,K푸드_국가!A:A,">=2025-01",K푸드_국가!A:A,"<=2025-05",K푸드_국가!B:B,$A124)-1,"-") -> 0.27095113 | F124: =IFERROR(B124/SUMIFS(K푸드_국가!C:C,K푸드_국가!A:A,"2026-05"),"-") -> 0.25037755 | G124: 라면 최대 시장 +26%
...

Sheet 철강_제품
A1: 철강 · 제품믹스 월별 (POSCO홀딩스, 현대제철, 동국제강, 세아제강)
A3: 월 | B3: 품목 | C3: 수출액(USD) | D3: 중량(kg) | E3: ASP(USD/kg) | F3: MoM(%) | G3: YoY(%)
A4: 2019-01 | B4: 강관 | C4: 194999538 | D4: 150907632 | E4: 1.2921781
A5: 2019-02 | B5: 강관 | C5: 214621248 | D5: 176210078 | E5: 1.2179851 | F5: 10.062439
A6: 2019-03 | B6: 강관 | C6: 199704225 | D6: 157139615 | E6: 1.2708713 | F6: -6.9503943
A7: 2019-04 | B7: 강관 | C7: 180770898 | D7: 136195815 | E7: 1.3272867 | F7: -9.4806842
A8: 2019-05 | B8: 강관 | C8: 181149873 | D8: 141540986 | E8: 1.2798404 | F8: 0.20964381
A9: 2019-06 | B9: 강관 | C9: 192854158 | D9: 149651054 | E9: 1.2886923 | F9: 6.4611058
A10: 2019-07 | B10: 강관 | C10: 196925556 | D10: 154386112 | E10: 1.2755393 | F10: 2.1111279
A11: 2019-08 | B11: 강관 | C11: 158142497 | D11: 128251579 | E11: 1.2330647 | F11: -19.694274
A12: 2019-09 | B12: 강관 | C12: 154821435 | D12: 135214826 | E12: 1.1450034 | F12: -2.100044
A13: 2019-10 | B13: 강관 | C13: 153472710 | D13: 126111764 | E13: 1.2169579 | F13: -0.87114875
A14: 2019-11 | B14: 강관 | C14: 152861473 | D14: 120250717 | E14: 1.2711897 | F14: -0.39827081
A15: 2019-12 | B15: 강관 | C15: 190280502 | D15: 154843921 | E15: 1.2288535 | F15: 24.479045
A16: 2020-01 | B16: 강관 | C16: 145907769 | D16: 119117223 | E16: 1.2249091 | F16: -23.319643 | G16: -25.175326
A17: 2020-02 | B17: 강관 | C17: 165897800 | D17: 149380192 | E17: 1.1105743 | F17: 13.700457 | G17: -22.702062
A18: 2020-03 | B18: 강관 | C18: 180659103 | D18: 162275372 | E18: 1.1132873 | F18: 8.8978293 | G18: -9.5366645
A19: 2020-04 | B19: 강관 | C19: 164784072 | D19: 143223015 | E19: 1.1505418 | F19: -8.7872854 | G19: -8.8436945
A20: 2020-05 | B20: 강관 | C20: 135533009 | D20: 116102398 | E20: 1.1673575 | F20: -17.751147 | G20: -25.181836
A21: 2020-06 | B21: 강관 | C21: 132136250 | D21: 112606784 | E21: 1.1734306 | F21: -2.5062227 | G21: -31.483847
A22: 2020-07 | B22: 강관 | C22: 144619283 | D22: 115456917 | E22: 1.2525822 | F22: 9.4470919 | G22: -26.561445
A23: 2020-08 | B23: 강관 | C23: 113801620 | D23: 95466439 | E23: 1.1920589 | F23: -21.309512 | G23: -28.038559
A24: 2020-09 | B24: 강관 | C24: 139682385 | D24: 111226710 | E24: 1.2558349 | F24: 22.742001 | G24: -9.7783941
A25: 2020-10 | B25: 강관 | C25: 153521640 | D25: 147982885 | E25: 1.0374283 | F25: 9.9076594 | G25: 0.03188189
A26: 2020-11 | B26: 강관 | C26: 134724153 | D26: 121223733 | E26: 1.1113678 | F26: -12.244194 | G26: -11.8652
A27: 2020-12 | B27: 강관 | C27: 148985851 | D27: 142464292 | E27: 1.0457768 | F27: 10.585851 | G27: -21.701988
... A92: 2026-05 | B92: 강관 | C92: 220782049 | D92: 185832045 | E92: 1.1880731 | F92: 1.1212895 | G92: 14.974218
A93: 2026-06 | B93: 강관 | F93: 0 | G93: 7.0105225
A94: 2019-01 | B94: 냉연강판 | C94: 215899479 | D94: 339023225 | E94: 0.63682799
A95: 2019-02 | B95: 냉연강판 | C95: 199608114 | D95: 321727257 | E95: 0.62042649 | F95: -7.5458102
A96: 2019-03 | B96: 냉연강판 | C96: 200364813 | D96: 326350996 | E96: 0.61395496 | F96: 0.3790923
A97: 2019-04 | B97: 냉연강판 | C97: 176146410 | D97: 284952030 | E97: 0.61816163 | F97: -12.087154
A98: 2019-05 | B98: 냉연강판 | C98: 194642755 | D98: 318390007 | E98: 0.61133437 | F98: 10.500552
A99: 2019-06 | B99: 냉연강판 | C99: 183992362 | D99: 299248864 | E99: 0.61484732 | F99: -5.4717644
A100: 2019-07 | B100: 냉연강판 | C100: 203773566 | D100: 330408584 | E100: 0.61673206 | F100: 10.751101
A101: 2019-08 | B101: 냉연강판 | C101: 210415571 | D101: 345134682 | E101: 0.6096622 | F101: 3.2595028
A102: 2019-09 | B102: 냉연강판 | C102: 173545950 | D102: 284581800 | E102: 0.609828 | F102: -17.522287
A103: 2019-10 | B103: 냉연강판 | C103: 173688447 | D103: 288337309 | E103: 0.60237937 | F103: 0.08210909
A104: 2019-11 | B104: 냉연강판 | C104: 194182119 | D104: 328159213 | E104: 0.59173143 | F104: 11.799099
A105: 2019-12 | B105: 냉연강판 | C105: 212196314 | D105: 379451395 | E105: 0.5592187 | F105: 9.2769587
A106: 2020-01 | B106: 냉연강판 | C106: 163473865 | D106: 290922300 | E106: 0.5619159 | F106: -22.961025 | G106: -24.282418
A107: 2020-02 | B107: 냉연강판 | C107: 189829956 | D107: 336908605 | E107: 0.56344645 | F107: 16.12251 | G107: -4.8986776
A108: 2020-03 | B108: 냉연강판 | C108: 181965302 | D108: 316115633 | E108: 0.57562893 | F108: -4.1429994 | G108: -9.1830051
A109: 2020-04 | B109: 냉연강판 | C109: 126851003 | D109: 226593527 | E109: 0.55981742 | F109: -30.288356 | G109: -27.985474
A110: 2020-05 | B110: 냉연강판 | C110: 124154576 | D110: 240114036 | E110: 0.51706505 | F110: -2.1256647 | G110: -36.214129
A111: 2020-06 | B111: 냉연강판 | C111: 141514341 | D111: 282715284 | E111: 0.50055426 | F111: 13.98238 | G111: -23.086839
A112: 2020-07 | B112: 냉연강판 | C112: 174936908 | D112: 345558301 | E112: 0.50624426 | F112: 23.617795 | G112: -14.151324
A113: 2020-08 | B113: 냉연강판 | C113: 194113226 | D113: 367964487 | E113: 0.5275325 | F113: 10.961848 | G113: -7.7476895
A114: 2020-09 | B114: 냉연강판 | C114: 196686400 | D114: 349557636 | E114: 0.5626723 | F114: 1.3256047 | G114: 13.333904
A115: 2020-10 | B115: 냉연강판 | C115: 201016811 | D115: 349340272 | E115: 0.57541837 | F115: 2.201683 | G115: 15.734129
A116: 2020-11 | B116: 냉연강판 | C116: 177609245 | D116: 290010983 | E116: 0.61242248 | F116: -11.644581 | G116: -8.5347065
A117: 2020-12 | B117: 냉연강판 | C117: 161057042 | D117: 257051444 | E117: 0.62655568 | F117: -9.319449 | G117: -24.099981
... A182: 2026-05 | B182: 냉연강판 | C182: 172136847 | D182: 276950868 | E182: 0.6215429 | F182: -5.0608381 | G182: -15.607922
A183: 2026-06 | B183: 냉연강판 | F183: 0 | G183: -0.61073667
A184: 2019-01 | B184: 도금강판 | C184: 547017094 | D184: 606234618 | E184: 0.90231913
A185: 2019-02 | B185: 도금강판 | C185: 475780341 | D185: 543757879 | E185: 0.87498565 | F185: -13.022765
A186: 2019-03 | B186: 도금강판 | C186: 480690627 | D186: 543528608 | E186: 0.88438883 | F186: 1.0320489
A187: 2019-04 | B187: 도금강판 | C187: 516134418 | D187: 582924248 | E187: 0.8854228 | F187: 7.3735141
A188: 2019-05 | B188: 도금강판 | C188: 522657552 | D188: 594588376 | E188: 0.87902417 | F188: 1.263844
A189: 2019-06 | B189: 도금강판 | C189: 471410512 | D189: 532177092 | E189: 0.88581512 | F189: -9.8050894
A190: 2019-07 | B190: 도금강판 | C190: 516039868 | D190: 589754658 | E190: 0.8750077 | F190: 9.4671958
A191: 2019-08 | B191: 도금강판 | C191: 487301589 | D191: 555029358 | E191: 0.87797444 | F191: -5.5690036
A192: 2019-09 | B192: 도금강판 | C192: 454586471 | D192: 526301594 | E192: 0.86373759 | F192: -6.7135258
A193: 2019-10 | B193: 도금강판 | C193: 465471878 | D193: 540916776 | E193: 0.86052402 | F193: 2.3945735
A194: 2019-11 | B194: 도금강판 | C194: 479040633 | D194: 529399713 | E194: 0.90487513 | F194: 2.9150537
A195: 2019-12 | B195: 도금강판 | C195: 489508326 | D195: 607600745 | E195: 0.80564142 | F195: 2.1851368
A196: 2020-01 | B196: 도금강판 | C196: 457544468 | D196: 559602261 | E196: 0.81762441 | F196: -6.5297884 | G196: -16.356459
A197: 2020-02 | B197: 도금강판 | C197: 438523256 | D197: 543300121 | E197: 0.80714736 | F197: -4.1572379 | G197: -7.8307323
A198: 2020-03 | B198: 도금강판 | C198: 471006998 | D198: 563858420 | E198: 0.83532848 | F198: 7.4075301 | G198: -2.0145242
A199: 2020-04 | B199: 도금강판 | C199: 333963283 | D199: 409200383 | E199: 0.81613629 | F199: -29.095898 | G199: -35.295289
A200: 2020-05 | B200: 도금강판 | C200: 299902255 | D200: 377374880 | E200: 0.79470646 | F200: -10.199034 | G200: -42.619741
A201: 2020-06 | B201: 도금강판 | C201: 374257781 | D201: 475648673 | E201: 0.78683659 | F201: 24.793253 | G201: -20.608945
A202: 2020-07 | B202: 도금강판 | C202: 407275577 | D202: 504613175 | E202: 0.80710453 | F202: 8.822207 | G202: -21.076723
A203: 2020-08 | B203: 도금강판 | C203: 378692410 | D203: 450229306 | E203: 0.84111009 | F203: -7.0181392 | G203: -22.287877
A204: 2020-09 | B204: 도금강판 | C204: 474195270 | D204: 573764448 | E204: 0.82646332 | F204: 25.219111 | G204: 4.3135465
A205: 2020-10 | B205: 도금강판 | C205: 433131181 | D205: 516997158 | E205: 0.83778252 | F205: -8.6597424 | G205: -6.9479379
A206: 2020-11 | B206: 도금강판 | C206: 429859972 | D206: 494059101 | E206: 0.87005779 | F206: -0.75524671 | G206: -10.26649
A207: 2020-12 | B207: 도금강판 | C207: 454791586 | D207: 516459593 | E207: 0.88059471 | F207: 5.7999385 | G207: -7.0921654
... A272: 2026-05 | B272: 도금강판 | C272: 433988304 | D272: 473201304 | E272: 0.91713252 | F272: -15.989778 | G272: -15.91288
A273: 2026-06 | B273: 도금강판 | F273: 0 | G273: -5.2723831
A274: 2019-01 | B274: 스테인리스 열연 | C274: 202153010 | D274: 122270182 | E274: 1.6533304
A275: 2019-02 | B275: 스테인리스 열연 | C275: 181316593 | D275: 105558541 | E275: 1.7176876 | F275: -10.30725
A276: 2019-03 | B276: 스테인리스 열연 | C276: 195786338 | D276: 113134715 | E276: 1.7305593 | F276: 7.9803755
A277: 2019-04 | B277: 스테인리스 열연 | C277: 183295822 | D277: 104020707 | E277: 1.762109 | F277: -6.3796668
A278: 2019-05 | B278: 스테인리스 열연 | C278: 156412316 | D278: 86228595 | E278: 1.8139263 | F278: -14.666731
A279: 2019-06 | B279: 스테인리스 열연 | C279: 180775027 | D279: 99279202 | E279: 1.8208751 | F279: 15.575954
A280: 2019-07 | B280: 스테인리스 열연 | C280: 205231228 | D280: 120612222 | E280: 1.701579 | F280: 13.528528
A281: 2019-08 | B281: 스테인리스 열연 | C281: 200555995 | D281: 119354694 | E281: 1.680336 | F281: -2.278032
A282: 2019-09 | B282: 스테인리스 열연 | C282: 199768331 | D282: 114697713 | E282: 1.7416941 | F282: -0.39274019
A283: 2019-10 | B283: 스테인리스 열연 | C283: 177867312 | D283: 102689718 | E283: 1.7320849 | F283: -10.963209
A284: 2019-11 | B284: 스테인리스 열연 | C284: 196530148 | D284: 112005906 | E284: 1.7546409 | F284: 10.492561
A285: 2019-12 | B285: 스테인리스 열연 | C285: 198533077 | D285: 112643829 | E285: 1.7624852 | F285: 1.0191459
A286: 2020-01 | B286: 스테인리스 열연 | C286: 184749885 | D286: 106621358 | E286: 1.7327662 | F286: -6.9425167 | G286: -8.6088874
A287: 2020-02 | B287: 스테인리스 열연 | C287: 146975368 | D287: 89285855 | E287: 1.6461215 | F287: -20.446301 | G287: -18.939924
A288: 2020-03 | B288: 스테인리스 열연 | C288: 185781746 | D288: 117194206 | E288: 1.5852469 | F288: 26.403321 | G288: -5.1099541
A289: 2020-04 | B289: 스테인리스 열연 | C289: 142188673 | D289: 92566687 | E289: 1.5360674 | F289: -23.46467 | G289: -22.42667
A290: 2020-05 | B290: 스테인리스 열연 | C290: 139332288 | D290: 89833423 | E290: 1.5510072 | F290: -2.0088696 | G290: -10.919874
A291: 2020-06 | B291: 스테인리스 열연 | C291: 121552646 | D291: 74041904 | E291: 1.6416737 | F291: -12.760604 | G291: -32.760267
A292: 2020-07 | B292: 스테인리스 열연 | C292: 142479199 | D292: 92170654 | E292: 1.5458196 | F292: 17.216041 | G292: -30.576258
A293: 2020-08 | B293: 스테인리스 열연 | C293: 158636409 | D293: 99904284 | E293: 1.5878839 | F293: 11.340048 | G293: -20.901687
...

Sheet 철강_국가
A1: 철강 · 향지별 월별 (대표 HS 7208, 7210)
A3: 월 | B3: 향지 | C3: 수출액(USD) | D3: 비중(%) | E3: ASP(USD/kg) | F3: MoM(%) | G3: YoY(%)
A4: 2019-01 | B4: 아랍에미리트 연합 | C4: 7650877 | D4: 0.72032122 | E4: 0.76156235
A5: 2019-02 | B5: 아랍에미리트 연합 | C5: 7117356 | D5: 0.75048759 | E5: 0.72075469 | F5: -6.9733313
A6: 2019-03 | B6: 아랍에미리트 연합 | C6: 4318931 | D6: 0.46391278 | E6: 0.72457067 | F6: -39.318323
A7: 2019-04 | B7: 아랍에미리트 연합 | C7: 3741216 | D7: 0.38941206 | E7: 0.71078876 | F7: -13.376342
A8: 2019-05 | B8: 아랍에미리트 연합 | C8: 7287369 | D8: 0.73826937 | E8: 0.71975842 | F8: 94.786107
A9: 2019-06 | B9: 아랍에미리트 연합 | C9: 9124364 | D9: 0.99425349 | E9: 0.77775425 | F9: 25.207932
A10: 2019-07 | B10: 아랍에미리트 연합 | C10: 11688948 | D10: 1.2394486 | E10: 0.78690854 | F10: 28.106989
A11: 2019-08 | B11: 아랍에미리트 연합 | C11: 13310332 | D11: 1.4069107 | E11: 0.7323451 | F11: 13.871086
A12: 2019-09 | B12: 아랍에미리트 연합 | C12: 4704283 | D12: 0.54739869 | E12: 0.62514583 | F12: -64.656907
A13: 2019-10 | B13: 아랍에미리트 연합 | C13: 7124362 | D13: 0.83506538 | E13: 0.63621622 | F13: 51.444163
A14: 2019-11 | B14: 아랍에미리트 연합 | C14: 8725264 | D14: 0.98787498 | E14: 0.62406641 | F14: 22.470812
A15: 2019-12 | B15: 아랍에미리트 연합 | C15: 14547176 | D15: 1.4948538 | E15: 0.54462742 | F15: 66.724766
A16: 2020-01 | B16: 아랍에미리트 연합 | C16: 5852659 | D16: 0.66474605 | E16: 0.73311514 | F16: -59.767731 | G16: -23.503423
A17: 2020-02 | B17: 아랍에미리트 연합 | C17: 4379062 | D17: 0.52720525 | E17: 0.63421632 | F17: -25.178248 | G17: -38.473472
A18: 2020-03 | B18: 아랍에미리트 연합 | C18: 17158099 | D18: 1.9346035 | E18: 0.5732367 | F18: 291.82133 | G18: 297.27653
A19: 2020-04 | B19: 아랍에미리트 연합 | C19: 7846947 | D19: 1.1557906 | E19: 0.79579363 | F19: -54.266804 | G19: 109.74322
A20: 2020-05 | B20: 아랍에미리트 연합 | C20: 7538074 | D20: 1.2318755 | E20: 0.5758269 | F20: -3.9362188 | G20: 3.4402677
A21: 2020-06 | B21: 아랍에미리트 연합 | C21: 8064046 | D21: 1.0274762 | E21: 0.47459649 | F21: 6.9775383 | G21: -11.620733
A22: 2020-07 | B22: 아랍에미리트 연합 | C22: 5421335 | D22: 0.66825002 | E22: 0.66060864 | F22: -32.771527 | G22: -53.619992
A23: 2020-08 | B23: 아랍에미리트 연합 | C23: 4896369 | D23: 0.62581245 | E23: 0.67940506 | F23: -9.6833345 | G23: -63.213773
A24: 2020-09 | B24: 아랍에미리트 연합 | C24: 1460654 | D24: 0.16779048 | E24: 0.68114906 | F24: -70.168629 | G24: -68.95055
A25: 2020-10 | B25: 아랍에미리트 연합 | C25: 23295600 | D25: 2.8934361 | E25: 0.49818178 | F25: 1494.8746 | G25: 226.98507
A26: 2020-11 | B26: 아랍에미리트 연합 | C26: 10255876 | D26: 1.245716 | E26: 0.64838657 | F26: -55.975051 | G26: 17.5423
A27: 2020-12 | B27: 아랍에미리트 연합 | C27: 13605586 | D27: 1.5177315 | E27: 0.6749513 | F27: 32.661374 | G27: -6.4726652
... A92: 2026-05 | B92: 아랍에미리트 연합 | C92: 1235887 | D92: 0.15422146 | E92: 1.0620643 | F92: 124.76026 | G92: -86.696343
A93: 2021-11 | B93: 안티가 바부다 | C93: 127145 | D93: 0.0097541111 | E93: 1.6410041
A94: 2022-01 | B94: 안티가 바부다 | C94: 32656 | D94: 0.0022388643 | E94: 1.641005 | F94: -74.315938
A95: 2022-02 | B95: 안티가 바부다 | C95: 32176 | D95: 0.0026524488 | E95: 1.603988 | F95: -1.4698677
A96: 2022-11 | B96: 안티가 바부다 | C96: 37896 | D96: 0.0042060162 | E96: 1.0550111 | F96: 17.777225
A97: 2023-04 | B97: 안티가 바부다 | C97: 35031 | D97: 0.002931027 | E97: 1.0964319 | F97: -7.5601647
A98: 2023-07 | B98: 안티가 바부다 | C98: 19574 | D98: 0.0016828768 | E98: 1.0340201 | F98: -44.123776
A99: 2023-10 | B99: 안티가 바부다 | C99: 64158 | D99: 0.0061604422 | E99: 0.9984127 | F99: 227.77153
A100: 2024-06 | B100: 안티가 바부다 | C100: 37753 | D100: 0.00381387 | E100: 0.91500242 | F100: -41.156208
A101: 2024-08 | B101: 안티가 바부다 | C101: 39654 | D101: 0.003632717 | E101: 0.80499391 | F101: 5.0353614
A102: 2024-10 | B102: 안티가 바부다 | C102: 18109 | D102: 0.0017056062 | E102: 1.0099833 | F102: -54.332476
A103: 2026-03 | B103: 안티가 바부다 | C103: 14738 | D103: 0.0016321068 | E103: 0.96896778 | F103: -18.615053
A104: 2021-06 | B104: 아르메니아 | C104: 698252 | D104: 0.064797974 | E104: 1.5554041
A105: 2024-03 | B105: 아르메니아 | C105: 121044 | D105: 0.010492339 | E105: 1.2248937 | F105: -82.664711
A106: 2024-07 | B106: 아르메니아 | C106: 151326 | D106: 0.014517537 | E106: 1.1951193 | F106: 25.017349
A107: 2025-04 | B107: 아르메니아 | C107: 215712 | D107: 0.020952106 | E107: 0.98315467 | F107: 42.547877
A108: 2025-06 | B108: 아르메니아 | C108: 65065 | D108: 0.0073482485 | E108: 1.0049269 | F108: -69.837098
A109: 2025-10 | B109: 아르메니아 | C109: 235494 | D109: 0.026963753 | E109: 1.0144045 | F109: 261.93653
A110: 2025-11 | B110: 아르메니아 | C110: 545180 | D110: 0.06544851 | E110: 1.0378253 | F110: 131.50484
A111: 2025-12 | B111: 아르메니아 | C111: 686047 | D111: 0.070038255 | E111: 1.0272625 | F111: 25.838622
A112: 2026-01 | B112: 아르메니아 | C112: 554610 | D112: 0.059019004 | E112: 0.99807443 | F112: -19.1586
A113: 2026-02 | B113: 아르메니아 | C113: 747814 | D113: 0.086266139 | E113: 0.96971355 | F113: 34.836011
A114: 2026-03 | B114: 아르메니아 | C114: 1951761 | D114: 0.21614075 | E114: 1.0255747 | F114: 160.99551
A115: 2026-04 | B115: 아르메니아 | C115: 833357 | D115: 0.090661827 | E115: 1.0422956 | F115: -57.302303
A116: 2026-05 | B116: 아르메니아 | C116: 1531239 | D116: 0.19107727 | E116: 1.0110525 | F116: 83.743462 | G116: 119.29604
A117: 2019-06 | B117: 앙골라 | C117: 229 | D117: 2.4953416e-05 | E117: 0.76333333
A118: 2020-05 | B118: 앙골라 | C118: 200 | D118: 3.268409e-05 | E118: 0.02 | F118: -12.663755
A119: 2022-11 | B119: 앙골라 | C119: 79573 | D119: 0.0088316794 | E119: 1.3425963 | F119: 39686.5
A120: 2023-03 | B120: 앙골라 | C120: 78715 | D120: 0.0067461346 | E120: 1.5195653 | F120: -1.0782552
A121: 2023-07 | B121: 앙골라 | C121: 64474 | D121: 0.0055431593 | E121: 1.4957777 | F121: -18.09185
A122: 2024-01 | B122: 앙골라 | C122: 99880 | D122: 0.0089908874 | E122: 1.2508453 | F122: 54.91516
A123: 2024-03 | B123: 앙골라 | C123: 72253 | D123: 0.0062630362 | E123: 1.4442801 | F123: -27.660192
A124: 2024-06 | B124: 앙골라 | C124: 29526 | D124: 0.002982765 | E124: 1.33 | F124: -59.135261
A125: 2024-09 | B125: 앙골라 | C125: 93465 | D125: 0.008981811 | E125: 1.2520429 | F125: 216.55151
A126: 2025-01 | B126: 앙골라 | C126: 92669 | D126: 0.0093332863 | E126: 1.187303 | F126: -0.8516557
A127: 2025-04 | B127: 앙골라 | C127: 57757 | D127: 0.0056099374 | E127: 0.78841612 | F127: -37.673872
A128: 2025-05 | B128: 앙골라 | C128: 57429 | D128: 0.0058442768 | E128: 0.78360714 | F128: -0.56789653
A129: 2019-01 | B129: 아르헨티나 | C129: 244026 | D129: 0.022974766 | E129: 1.1724691
A130: 2019-02 | B130: 아르헨티나 | C130: 126608 | D130: 0.013350145 | E130: 1.1483198 | F130: -48.117004
A131: 2019-03 | B131: 아르헨티나 | C131: 200655 | D131: 0.021553116 | E131: 1.1217297 | F131: 58.485246
A132: 2019-04 | B132: 아르헨티나 | C132: 269610 | D132: 0.028062904 | E132: 1.1767607 | F132: 34.364955
A133: 2019-05 | B133: 아르헨티나 | C133: 545894 | D133: 0.055303473 | E133: 1.1587917 | F133: 102.47543
A134: 2019-06 | B134: 아르헨티나 | C134: 146276 | D134: 0.01593924 | E134: 1.0014103 | F134: -73.204322
A135: 2019-07 | B135: 아르헨티나 | C135: 557558 | D135: 0.059121189 | E135: 1.1749392 | F135: 281.16848
A136: 2019-08 | B136: 아르헨티나 | C136: 371972 | D136: 0.039317682 | E136: 1.4990107 | F136: -33.285506
A137: 2019-09 | B137: 아르헨티나 | C137: 204445 | D137: 0.023789582 | E137: 1.2798931 | F137: -45.03753
A138: 2019-10 | B138: 아르헨티나 | C138: 573568 | D138: 0.067229427 | E138: 1.1422745 | F138: 180.5488
A139: 2019-11 | B139: 아르헨티나 | C139: 309176 | D139: 0.035004928 | E139: 1.390849 | F139: -46.096017
A140: 2019-12 | B140: 아르헨티나 | C140: 354929 | D140: 0.036472163 | E140: 1.2783739 | F140: 14.798367
A141: 2020-01 | B141: 아르헨티나 | C141: 778971 | D141: 0.088475665 | E141: 1.3391146 | F141: 119.47235 | G141: 219.21639
A142: 2020-02 | B142: 아르헨티나 | C142: 549838 | D142: 0.066196249 | E142: 1.4796064 | F142: -29.414831 | G142: 334.28377
A143: 2020-03 | B143: 아르헨티나 | C143: 514369 | D143: 0.057995938 | E143: 1.5561475 | F143: -6.4508091 | G143: 156.34497
A144: 2020-04 | B144: 아르헨티나 | C144: 253627 | D144: 0.037357166 | E144: 1.2277898 | F144: -50.691624 | G144: -5.9281926
A145: 2020-05 | B145: 아르헨티나 | C145: 104049 | D145: 0.017003735 | E145: 0.86469708 | F145: -58.975582 | G145: -80.939706
A146: 2020-06 | B146: 아르헨티나 | C146: 299088 | D146: 0.038108141 | E146: 1.4795716 | F146: 187.44918 | G146: 104.46827
A147: 2020-07 | B147: 아르헨티나 | C147: 345334 | D147: 0.042566905 | E147: 1.6250553 | F147: 15.462339 | G147: -38.063125
A148: 2020-08 | B148: 아르헨티나 | C148: 610288 | D148: 0.078001848 | E148: 1.4087026 | F148: 76.723983 | G148: 64.068263
A149: 2020-09 | B149: 아르헨티나 | C149: 763227 | D149: 0.087674577 | E149: 1.4799366 | F149: 25.060136 | G149: 273.31654
A150: 2020-10 | B150: 아르헨티나 | C150: 467958 | D150: 0.058122846 | E150: 1.6742863 | F150: -38.686918 | G150: -18.412812
A151: 2020-11 | B151: 아르헨티나 | C151: 6266970 | D151: 0.76120898 | E151: 0.82902164 | F151: 1239.2163 | G151: 1926.9911
A152: 2020-12 | B152: 아르헨티나 | C152: 5390671 | D152: 0.6013406 | E152: 0.83214422 | F152: -13.982818 | G152: 1418.8026
... A217: 2026-05 | B217: 아르헨티나 | C217: 161275 | D217: 0.02012487 | E217: 1.2047765 | F217: -91.912716 | G217: -74.772321
A218: 2020-04 | B218: 아메리칸 사모아 | C218: 47701 | D218: 0.007025964 | E218: 0.92948168
A219: 2020-08 | B219: 아메리칸 사모아 | C219: 75254 | D219: 0.0096183295 | E219: 1.0772578 | F219: 57.761892
A220: 2020-09 | B220: 아메리칸 사모아 | C220: 39733 | D220: 0.0045642698 | E220: 1.98665 | F220: -47.201478
A221: 2020-11 | B221: 아메리칸 사모아 | C221: 244318 | D221: 0.029675753 | E221: 3.82129 | F221: 514.89945
A222: 2020-12 | B222: 아메리칸 사모아 | C222: 14817 | D222: 0.0016528673 | E222: 1.5662791 | F222: -93.935363
A223: 2021-01 | B223: 아메리칸 사모아 | C223: 30601 | D223: 0.0033516907 | E223: 1.6395735 | F223: 106.52629
A224: 2021-02 | B224: 아메리칸 사모아 | C224: 55837 | D224: 0.006377638 | E224: 12.647112 | F224: 82.467893
A225: 2021-03 | B225: 아메리칸 사모아 | C225: 1679 | D225: 0.00017749934 | E225: 5.5966667 | F225: -96.993033
A226: 2021-04 | B226: 아메리칸 사모아 | C226: 4261 | D226: 0.00042142589 | E226: 2.4334666 | F226: 153.78201
A227: 2021-05 | B227: 아메리칸 사모아 | C227: 74554 | D227: 0.0070759539 | E227: 1.27858 | F227: 1649.6832
A228: 2021-06 | B228: 아메리칸 사모아 | C228: 64278 | D228: 0.0059650158 | E228: 2.5538559 | F228: -13.783298
A229: 2021-08 | B229: 아메리칸 사모아 | C229: 1162 | D229: 9.303705e-05 | E229: 2.356998 | F229: -98.192228
...

Sheet 석유화학_제품
A1: 석유화학 · 제품믹스 월별 (LG화학, 롯데케미칼, 대한유화, 금호석유)
A3: 월 | B3: 품목 | C3: 수출액(USD) | D3: 중량(kg) | E3: ASP(USD/kg) | F3: MoM(%) | G3: YoY(%)
A4: 2019-01 | B4: PE | C4: 219076752 | D4: 182485211 | E4: 1.2005178
A5: 2019-02 | B5: PE | C5: 185428497 | D5: 157176245 | E5: 1.1797489 | F5: -15.359117
A6: 2019-03 | B6: PE | C6: 204235805 | D6: 170627170 | E6: 1.1969712 | F6: 10.14262
A7: 2019-04 | B7: PE | C7: 203217466 | D7: 168385459 | E7: 1.2068588 | F7: -0.49860944
A8: 2019-05 | B8: PE | C8: 198674931 | D8: 164267026 | E8: 1.2094632 | F8: -2.2353074
A9: 2019-06 | B9: PE | C9: 179128393 | D9: 152087229 | E9: 1.1778004 | F9: -9.8384521
A10: 2019-07 | B10: PE | C10: 214903613 | D10: 191025331 | E10: 1.1250006 | F10: 19.971831
A11: 2019-08 | B11: PE | C11: 206255342 | D11: 183483560 | E11: 1.124108 | F11: -4.0242557
A12: 2019-09 | B12: PE | C12: 181213380 | D12: 170761124 | E12: 1.0612098 | F12: -12.141243
A13: 2019-10 | B13: PE | C13: 189225424 | D13: 180300656 | E13: 1.0494994 | F13: 4.4213314
A14: 2019-11 | B14: PE | C14: 185961706 | D14: 180965355 | E14: 1.0276094 | F14: -1.7247777
A15: 2019-12 | B15: PE | C15: 187529306 | D15: 188079646 | E15: 0.9970739 | F15: 0.84296925
A16: 2020-01 | B16: PE | C16: 177574272 | D16: 177123029 | E16: 1.0025476 | F16: -5.3085218 | G16: -18.944265
A17: 2020-02 | B17: PE | C17: 165890795 | D17: 162015794 | E17: 1.0239174 | F17: -6.5794875 | G17: -10.536515
A18: 2020-03 | B18: PE | C18: 186781060 | D18: 187497371 | E18: 0.99617962 | F18: 12.592781 | G18: -8.5463687
A19: 2020-04 | B19: PE | C19: 182623693 | D19: 210734827 | E19: 0.86660423 | F19: -2.2257969 | G19: -10.13386
A20: 2020-05 | B20: PE | C20: 172882489 | D20: 207036655 | E20: 0.83503324 | F20: -5.3340308 | G20: -12.982233
A21: 2020-06 | B21: PE | C21: 174740415 | D21: 196172301 | E21: 0.89074968 | F21: 1.0746756 | G21: -2.4496273
A22: 2020-07 | B22: PE | C22: 200324439 | D22: 209992361 | E22: 0.9539606 | F22: 14.64116 | G22: -6.7840525
A23: 2020-08 | B23: PE | C23: 187491764 | D23: 184750886 | E23: 1.0148355 | F23: -6.4059458 | G23: -9.0972567
A24: 2020-09 | B24: PE | C24: 206063821 | D24: 201740682 | E24: 1.0214292 | F24: 9.9055322 | G24: 13.713359
A25: 2020-10 | B25: PE | C25: 189985472 | D25: 180306095 | E25: 1.053683 | F25: -7.8026065 | G25: 0.40166273
A26: 2020-11 | B26: PE | C26: 162206720 | D26: 154185811 | E26: 1.0520211 | F26: -14.621514 | G26: -12.774128
A27: 2020-12 | B27: PE | C27: 168342508 | D27: 155858802 | E27: 1.0800963 | F27: 3.7826965 | G27: -10.23136
... A92: 2026-05 | B92: PE | C92: 213481993 | D92: 123915064 | E92: 1.722809 | F92: -5.7072645 | G92: 7.4709927
A93: 2026-06 | B93: PE | F93: 0 | G93: 7.5897429
A94: 2019-01 | B94: PP | C94: 172883594 | D94: 137803424 | E94: 1.2545668
A95: 2019-02 | B95: PP | C95: 175707888 | D95: 140183237 | E95: 1.2534158 | F95: 1.6336391
A96: 2019-03 | B96: PP | C96: 182318835 | D96: 143472625 | E96: 1.2707569 | F96: 3.7624646
A97: 2019-04 | B97: PP | C97: 167764127 | D97: 128141532 | E97: 1.3092096 | F97: -7.9831072
A98: 2019-05 | B98: PP | C98: 180202934 | D98: 137809529 | E98: 1.3076232 | F98: 7.4144617
A99: 2019-06 | B99: PP | C99: 148139780 | D99: 113665760 | E99: 1.3032929 | F99: -17.792804
A100: 2019-07 | B100: PP | C100: 204199613 | D100: 164386268 | E100: 1.2421939 | F100: 37.842525
A101: 2019-08 | B101: PP | C101: 193713437 | D101: 159914742 | E101: 1.2113545 | F101: -5.1352575
A102: 2019-09 | B102: PP | C102: 188844146 | D102: 161660318 | E102: 1.168154 | F102: -2.5136568
A103: 2019-10 | B103: PP | C103: 192147304 | D103: 166232808 | E103: 1.1558928 | F103: 1.749145
A104: 2019-11 | B104: PP | C104: 161192226 | D104: 139440807 | E104: 1.1559903 | F104: -16.110077
A105: 2019-12 | B105: PP | C105: 181221084 | D105: 163286619 | E105: 1.1098343 | F105: 12.425449
A106: 2020-01 | B106: PP | C106: 154429304 | D106: 139905838 | E106: 1.1038089 | F106: -14.78403 | G106: -10.674402
A107: 2020-02 | B107: PP | C107: 165326285 | D107: 148554430 | E107: 1.1129004 | F107: 7.0562909 | G107: -5.9084445
A108: 2020-03 | B108: PP | C108: 174814919 | D108: 155816168 | E108: 1.1219305 | F108: 5.7393378 | G108: -4.1158205
A109: 2020-04 | B109: PP | C109: 149133368 | D109: 145397000 | E109: 1.0256977 | F109: -14.690709 | G109: -11.105329
A110: 2020-05 | B110: PP | C110: 164207983 | D110: 162242484 | E110: 1.0121146 | F110: 10.108144 | G110: -8.8760769
A111: 2020-06 | B111: PP | C111: 162912442 | D111: 154712083 | E111: 1.053004 | F111: -0.78896347 | G111: 9.9721101
A112: 2020-07 | B112: PP | C112: 165256053 | D112: 155946585 | E112: 1.0596965 | F112: 1.4385709 | G112: -19.071319
A113: 2020-08 | B113: PP | C113: 155440894 | D113: 143953735 | E113: 1.0797976 | F113: -5.9393643 | G113: -19.757299
A114: 2020-09 | B114: PP | C114: 163584504 | D114: 149760466 | E114: 1.0923077 | F114: 5.2390396 | G114: -13.37592
A115: 2020-10 | B115: PP | C115: 148074610 | D115: 131061179 | E115: 1.1298129 | F115: -9.4812734 | G115: -22.936931
A116: 2020-11 | B116: PP | C116: 146060192 | D116: 127525871 | E116: 1.1453377 | F116: -1.3604074 | G116: -9.3875706
A117: 2020-12 | B117: PP | C117: 184941166 | D117: 152209357 | E117: 1.2150447 | F117: 26.619829 | G117: 2.0527865
... A182: 2026-05 | B182: PP | C182: 149270655 | D182: 87345991 | E182: 1.7089583 | F182: -10.602724 | G182: -1.2784866
A183: 2026-06 | B183: PP | F183: 0 | G183: -3.6841748
A184: 2019-01 | B184: PVC·기타수지 | C184: 174631931 | D184: 133983520 | E184: 1.3033837
A185: 2019-02 | B185: PVC·기타수지 | C185: 145088747 | D185: 109225717 | E185: 1.3283387 | F185: -16.917401
A186: 2019-03 | B186: PVC·기타수지 | C186: 148844260 | D186: 109527667 | E186: 1.3589649 | F186: 2.5884247
A187: 2019-04 | B187: PVC·기타수지 | C187: 154082643 | D187: 116310319 | E187: 1.3247547 | F187: 3.5193719
A188: 2019-05 | B188: PVC·기타수지 | C188: 160179944 | D188: 121253791 | E188: 1.3210304 | F188: 3.9571628
A189: 2019-06 | B189: PVC·기타수지 | C189: 127358554 | D189: 94760824 | E189: 1.3440001 | F189: -20.490324
A190: 2019-07 | B190: PVC·기타수지 | C190: 142012467 | D190: 103572492 | E190: 1.3711408 | F190: 11.50603
A191: 2019-08 | B191: PVC·기타수지 | C191: 138268037 | D191: 104429696 | E191: 1.3240299 | F191: -2.636691
A192: 2019-09 | B192: PVC·기타수지 | C192: 140240113 | D192: 108663393 | E192: 1.2905921 | F192: 1.4262703
A193: 2019-10 | B193: PVC·기타수지 | C193: 145633510 | D193: 110446192 | E193: 1.3185924 | F193: 3.8458305
A194: 2019-11 | B194: PVC·기타수지 | C194: 143808064 | D194: 108743280 | E194: 1.3224547 | F194: -1.2534519
A195: 2019-12 | B195: PVC·기타수지 | C195: 161244202 | D195: 122159890 | E195: 1.3199439 | F195: 12.12459
A196: 2020-01 | B196: PVC·기타수지 | C196: 146451656 | D196: 116812297 | E196: 1.2537349 | F196: -9.1740018 | G196: -16.136954
A197: 2020-02 | B197: PVC·기타수지 | C197: 148770379 | D197: 118569339 | E197: 1.2547121 | F197: 1.5832685 | G197: 2.5375035
A198: 2020-03 | B198: PVC·기타수지 | C198: 162580267 | D198: 127626500 | E198: 1.2738755 | F198: 9.2826866 | G198: 9.2284425
A199: 2020-04 | B199: PVC·기타수지 | C199: 147447682 | D199: 128263752 | E199: 1.1495663 | F199: -9.3077624 | G199: -4.3061054
A200: 2020-05 | B200: PVC·기타수지 | C200: 133086711 | D200: 125815024 | E200: 1.0577967 | F200: -9.7397062 | G200: -16.914248
A201: 2020-06 | B201: PVC·기타수지 | C201: 138657090 | D201: 120412192 | E201: 1.1515204 | F201: 4.1855261 | G201: 8.8714387
A202: 2020-07 | B202: PVC·기타수지 | C202: 146782674 | D202: 125955864 | E202: 1.1653501 | F202: 5.8602009 | G202: 3.3590058
A203: 2020-08 | B203: PVC·기타수지 | C203: 146427132 | D203: 124151671 | E203: 1.1794214 | F203: -0.24222341 | G203: 5.9009263
A204: 2020-09 | B204: PVC·기타수지 | C204: 161075502 | D204: 127807499 | E204: 1.2602977 | F204: 10.003863 | G204: 14.85694
A205: 2020-10 | B205: PVC·기타수지 | C205: 161035134 | D205: 124531911 | E205: 1.2931234 | F205: -0.025061539 | G205: 10.575604
A206: 2020-11 | B206: PVC·기타수지 | C206: 157654022 | D206: 113406230 | E206: 1.3901707 | F206: -2.0996114 | G206: 9.6280818
A207: 2020-12 | B207: PVC·기타수지 | C207: 176093033 | D207: 121493882 | E207: 1.4493984 | F207: 11.695871 | G207: 9.2089085
... A272: 2026-05 | B272: PVC·기타수지 | C272: 206783403 | D272: 123381181 | E272: 1.675972 | F272: -6.3036212 | G272: 26.619773
A273: 2026-06 | B273: PVC·기타수지 | F273: 0 | G273: 25.89122
A274: 2019-01 | B274: 방향족(벤젠·자일렌) | C274: 121832951 | D274: 208898878 | E274: 0.58321496
A275: 2019-02 | B275: 방향족(벤젠·자일렌) | C275: 133433178 | D275: 229760728 | E275: 0.58074841 | F275: 9.52142
A276: 2019-03 | B276: 방향족(벤젠·자일렌) | C276: 141903631 | D276: 234879914 | E276: 0.60415396 | F276: 6.3480861
A277: 2019-04 | B277: 방향족(벤젠·자일렌) | C277: 156266708 | D277: 250553530 | E277: 0.62368592 | F277: 10.121712
A278: 2019-05 | B278: 방향족(벤젠·자일렌) | C278: 176684667 | D278: 284073279 | E278: 0.62196863 | F278: 13.066097
A279: 2019-06 | B279: 방향족(벤젠·자일렌) | C279: 139551374 | D279: 221965777 | E279: 0.62870671 | F279: -21.016704
A280: 2019-07 | B280: 방향족(벤젠·자일렌) | C280: 160445404 | D280: 245023655 | E280: 0.65481598 | F280: 14.972285
A281: 2019-08 | B281: 방향족(벤젠·자일렌) | C281: 152560490 | D281: 230535256 | E281: 0.66176642 | F281: -4.9143907
A282: 2019-09 | B282: 방향족(벤젠·자일렌) | C282: 133584920 | D282: 192990918 | E282: 0.69218242 | F282: -12.438063
A283: 2019-10 | B283: 방향족(벤젠·자일렌) | C283: 99598157 | D283: 144381048 | E283: 0.68982847 | F283: -25.442066
A284: 2019-11 | B284: 방향족(벤젠·자일렌) | C284: 130692433 | D284: 198816164 | E284: 0.65735316 | F284: 31.21973
A285: 2019-12 | B285: 방향족(벤젠·자일렌) | C285: 129199063 | D285: 185975688 | E285: 0.69470942 | F285: -1.1426599
A286: 2020-01 | B286: 방향족(벤젠·자일렌) | C286: 143836607 | D286: 200968619 | E286: 0.71571675 | F286: 11.329451 | G286: 18.060513
A287: 2020-02 | B287: 방향족(벤젠·자일렌) | C287: 124732261 | D287: 197828169 | E287: 0.63050809 | F287: -13.281978 | G287: -6.5208047
A288: 2020-03 | B288: 방향족(벤젠·자일렌) | C288: 81056808 | D288: 156908066 | E288: 0.5165879 | F288: -35.015362 | G288: -42.878975
A289: 2020-04 | B289: 방향족(벤젠·자일렌) | C289: 80924312 | D289: 236249157 | E289: 0.34253799 | F289: -0.16346067 | G289: -48.213978
A290: 2020-05 | B290: 방향족(벤젠·자일렌) | C290: 74211501 | D290: 194265505 | E290: 0.3820107 | F290: -8.2951722 | G290: -57.99777
A291: 2020-06 | B291: 방향족(벤젠·자일렌) | C291: 80733995 | D291: 194757332 | E291: 0.41453636 | F291: 8.7890609 | G291: -42.147474
A292: 2020-07 | B292: 방향족(벤젠·자일렌) | C292: 68670869 | D292: 164186499 | E292: 0.41824918 | F292: -14.941817 | G292: -57.199853
A293: 2020-08 | B293: 방향족(벤젠·자일렌) | C293: 74674163 | D293: 168784653 | E293: 0.44242271 | F293: 8.7421262 | G293: -51.052751
...

Sheet 석유화학_국가
A1: 석유화학 · 향지별 월별 (대표 HS 390110, 390210)
A3: 월 | B3: 향지 | C3: 수출액(USD) | D3: 비중(%) | E3: ASP(USD/kg) | F3: MoM(%) | G3: YoY(%)
A4: 2019-01 | B4: 아랍에미리트 연합 | C4: 268782 | D4: 0.10367714 | E4: 1.2559907
A5: 2019-02 | B5: 아랍에미리트 연합 | C5: 335429 | D5: 0.13238199 | E5: 1.2298038 | F5: 24.795931
A6: 2019-03 | B6: 아랍에미리트 연합 | C6: 184958 | D6: 0.069227387 | E6: 1.3234919 | F6: -44.85927
A7: 2019-04 | B7: 아랍에미리트 연합 | C7: 872337 | D7: 0.35155511 | E7: 1.4092682 | F7: 371.64059
A8: 2019-05 | B8: 아랍에미리트 연합 | C8: 320596 | D8: 0.12319715 | E8: 1.3866609 | F8: -63.248607
A9: 2019-06 | B9: 아랍에미리트 연합 | C9: 603632 | D9: 0.27553538 | E9: 1.4236604 | F9: 88.28432
A10: 2019-07 | B10: 아랍에미리트 연합 | C10: 801121 | D10: 0.27329116 | E10: 1.2942181 | F10: 32.716788
A11: 2019-08 | B11: 아랍에미리트 연합 | C11: 427071 | D11: 0.15514259 | E11: 1.3865942 | F11: -46.690824
A12: 2019-09 | B12: 아랍에미리트 연합 | C12: 777152 | D12: 0.30504402 | E12: 1.2394769 | F12: 81.972553
A13: 2019-10 | B13: 아랍에미리트 연합 | C13: 1429074 | D13: 0.54148424 | E13: 1.2851385 | F13: 83.886035
A14: 2019-11 | B14: 아랍에미리트 연합 | C14: 707531 | D14: 0.30685963 | E14: 1.4558251 | F14: -50.490248
A15: 2019-12 | B15: 아랍에미리트 연합 | C15: 746526 | D15: 0.29814533 | E15: 1.0962203 | F15: 5.5114193
A16: 2020-01 | B16: 아랍에미리트 연합 | C16: 1195200 | D16: 0.55777151 | E16: 1.2581053 | F16: 60.101591 | G16: 344.67263
A17: 2020-02 | B17: 아랍에미리트 연합 | C17: 626681 | D17: 0.27553157 | E17: 1.215676 | F17: -47.566851 | G17: 86.829702
A18: 2020-03 | B18: 아랍에미리트 연합 | C18: 812247 | D18: 0.35350652 | E18: 1.4224991 | F18: 29.610918 | G18: 339.15213
A19: 2020-04 | B19: 아랍에미리트 연합 | C19: 2098814 | D19: 1.0291959 | E19: 1.0829794 | F19: 158.39603 | G19: 140.5967
A20: 2020-05 | B20: 아랍에미리트 연합 | C20: 473774 | D20: 0.21788665 | E20: 1.4144619 | F20: -77.426585 | G20: 47.779136
A21: 2020-06 | B21: 아랍에미리트 연합 | C21: 270499 | D21: 0.12247817 | E21: 1.3067585 | F21: -42.905478 | G21: -55.188095
A22: 2020-07 | B22: 아랍에미리트 연합 | C22: 705237 | D22: 0.31660148 | E22: 1.488784 | F22: 160.71705 | G22: -11.968729
A23: 2020-08 | B23: 아랍에미리트 연합 | C23: 533782 | D23: 0.25113249 | E23: 1.5516919 | F23: -24.311685 | G23: 24.986712
A24: 2020-09 | B24: 아랍에미리트 연합 | C24: 171129 | D24: 0.071815695 | E24: 1.0007544 | F24: -67.940283 | G24: -77.979983
A25: 2020-10 | B25: 아랍에미리트 연합 | C25: 177790 | D25: 0.082373467 | E25: 1.0397076 | F25: 3.8923853 | G25: -87.559077
A26: 2020-11 | B26: 아랍에미리트 연합 | C26: 80364 | D26: 0.039973605 | E26: 1.1480571 | F26: -54.798358 | G26: -88.641628
A27: 2020-12 | B27: 아랍에미리트 연합 | C27: 287706 | D27: 0.12216319 | E27: 1.3571038 | F27: 258.00358 | G27: -61.460686
... A37: 2021-10 | B37: 아랍에미리트 연합 | C37: 374317 | D37: 0.10226649 | E37: 1.6738603 | F37: -19.059419 | G37: 110.53884
A38: 2021-11 | B38: 아랍에미리트 연합 | C38: 0 | D38: 0 | F38: -100 | G38: -100
A39: 2021-12 | B39: 아랍에미리트 연합 | C39: 703116 | D39: 0.1869957 | E39: 1.5979909 | G39: 144.38698
A40: 2022-01 | B40: 아랍에미리트 연합 | C40: 394006 | D40: 0.091735809 | E40: 1.2709871 | F40: -43.962874 | G40: 68.110661
A41: 2022-02 | B41: 아랍에미리트 연합 | C41: 244843 | D41: 0.06175448 | E41: 1.1028964 | F41: -37.858053 | G41: -79.582073
A42: 2022-03 | B42: 아랍에미리트 연합 | C42: 616795 | D42: 0.16491201 | E42: 1.6490963 | F42: 151.91449 | G42: -34.931471
A43: 2022-04 | B43: 아랍에미리트 연합 | C43: 2264336 | D43: 0.72833095 | E43: 1.4528944 | F43: 267.11322 | G43: 235.36775
A44: 2022-05 | B44: 아랍에미리트 연합 | C44: 476707 | D44: 0.13387382 | E44: 1.4489222 | F44: -78.947162 | G44: -70.304679
A45: 2022-06 | B45: 아랍에미리트 연합 | C45: 413704 | D45: 0.14126694 | E45: 1.5181798 | F45: -13.216294 | G45: -72.532588
A46: 2022-07 | B46: 아랍에미리트 연합 | C46: 1719671 | D46: 0.59870287 | E46: 2.0669123 | F46: 315.67667 | G46: 181.77978
A47: 2022-08 | B47: 아랍에미리트 연합 | C47: 1449969 | D47: 0.57000152 | E47: 1.7385719 | F47: -15.683349 | G47: 263.38618
A48: 2022-09 | B48: 아랍에미리트 연합 | C48: 790065 | D48: 0.32473721 | E48: 2.493892 | F48: -45.511594 | G48: 70.84001
A49: 2022-10 | B49: 아랍에미리트 연합 | C49: 2313814 | D49: 1.0383951 | E49: 1.2248883 | F49: 192.86375 | G49: 518.14291
A50: 2022-11 | B50: 아랍에미리트 연합 | C50: 1370016 | D50: 0.67117701 | E50: 1.1949447 | F50: -40.789709
A51: 2022-12 | B51: 아랍에미리트 연합 | C51: 2994534 | D51: 1.2442029 | E51: 1.3723804 | F51: 118.57657 | G51: 325.89473
A52: 2023-01 | B52: 아랍에미리트 연합 | C52: 2892331 | D52: 1.1917914 | E52: 1.3789421 | F52: -3.4129851 | G52: 634.08298
A53: 2023-02 | B53: 아랍에미리트 연합 | C53: 949084 | D53: 0.35486813 | E53: 1.5762897 | F53: -67.18619 | G53: 287.62962
A54: 2023-03 | B54: 아랍에미리트 연합 | C54: 1969660 | D54: 0.71553686 | E54: 1.2050535 | F54: 107.53274 | G54: 219.33787
A55: 2023-04 | B55: 아랍에미리트 연합 | C55: 1081605 | D55: 0.44043428 | E55: 1.1885769 | F55: -45.086715 | G55: -52.233017
A56: 2023-05 | B56: 아랍에미리트 연합 | C56: 1696646 | D56: 0.74223889 | E56: 1.1448354 | F56: 56.863735 | G56: 255.9096
A57: 2023-06 | B57: 아랍에미리트 연합 | C57: 1341065 | D57: 0.59436101 | E57: 1.0965327 | F57: -20.957878 | G57: 224.16051
A58: 2023-07 | B58: 아랍에미리트 연합 | C58: 563087 | D58: 0.25218928 | E58: 1.0745935 | F58: -58.011953 | G58: -67.256121
A59: 2023-08 | B59: 아랍에미리트 연합 | C59: 459932 | D59: 0.18641202 | E59: 1.0400995 | F59: -18.319549 | G59: -68.279874
A60: 2023-09 | B60: 아랍에미리트 연합 | C60: 911565 | D60: 0.34712502 | E60: 1.0775 | F60: 98.195603 | G60: 15.378482
A61: 2023-10 | B61: 아랍에미리트 연합 | C61: 206084 | D61: 0.094436535 | E61: 1.1323297 | F61: -77.392287 | G61: -91.09332
A62: 2023-11 | B62: 아랍에미리트 연합 | C62: 1000417 | D62: 0.43246698 | E62: 1.0989367 | F62: 385.44137 | G62: -26.977714
... A89: 2026-02 | B89: 아랍에미리트 연합 | C89: 1091640 | D89: 0.50315659 | E89: 1.1465602 | F89: 77.609293 | G89: 64.636188
A90: 2026-03 | B90: 아랍에미리트 연합 | C90: 0 | D90: 0 | F90: -100 | G90: -100
A91: 2026-04 | B91: 아랍에미리트 연합 | C91: 0 | D91: 0 | G91: -100
A92: 2026-05 | B92: 아랍에미리트 연합 | C92: 180491 | D92: 0.079228178 | E92: 1.8801146 | G92: -82.00126
A93: 2019-07 | B93: 아프카니스탄 | C93: 54660 | D93: 0.01864649 | E93: 1.2422727
A94: 2019-08 | B94: 아프카니스탄 | C94: 41040 | D94: 0.01490865 | E94: 1.2436364 | F94: -24.917673
A95: 2020-03 | B95: 아프카니스탄 | C95: 35560 | D95: 0.01547644 | E95: 1.0775758 | F95: -13.352827
A96: 2022-11 | B96: 아프카니스탄 | C96: 72940 | D96: 0.035733635 | E96: 1.0726471 | F96: 105.11811
A97: 2025-07 | B97: 아프카니스탄 | C97: 36330 | D97: 0.013362818 | E97: 1.0685294 | F97: -50.191939
A98: 2023-02 | B98: 앙귈라 | C98: 40040 | D98: 0.014971193 | E98: 1.1776471
A99: 2019-08 | B99: 알바니아 | C99: 19305 | D99: 0.0070129503 | E99: 1.2065625
A100: 2019-09 | B100: 알바니아 | C100: 40530 | D100: 0.015908643 | E100: 1.2281818 | F100: 109.94561
A101: 2020-02 | B101: 알바니아 | C101: 53581 | D101: 0.02355785 | E101: 1.1162708 | F101: 32.200839
A102: 2020-05 | B102: 알바니아 | C102: 61067 | D102: 0.028084454 | E102: 0.84815278 | F102: 13.97137
A103: 2021-07 | B103: 알바니아 | C103: 40765 | D103: 0.011442187 | E103: 1.6985417 | F103: -33.245452
A104: 2021-10 | B104: 알바니아 | C104: 43348 | D104: 0.011843031 | E104: 1.8061667 | F104: 6.3363179
A105: 2022-09 | B105: 알바니아 | C105: 26748 | D105: 0.010994122 | E105: 1.1145 | F105: -38.294731
A106: 2022-10 | B106: 알바니아 | C106: 25187 | D106: 0.01130344 | E106: 1.0494583 | F106: -5.8359504
A107: 2023-01 | B107: 알바니아 | C107: 28773 | D107: 0.011855978 | E107: 1.198875 | F107: 14.237503
A108: 2023-02 | B108: 알바니아 | C108: 29771 | D108: 0.011131553 | E108: 1.2404583 | F108: 3.4685295
A109: 2023-06 | B109: 알바니아 | C109: 26847 | D109: 0.01189861 | E109: 1.118625 | F109: -9.8216385
A110: 2023-07 | B110: 알바니아 | C110: 25915 | D110: 0.011606528 | E110: 1.0797917 | F110: -3.4715238
A111: 2023-12 | B111: 알바니아 | C111: 53222 | D111: 0.024009123 | E111: 1.1087917 | F111: 105.37141 | G111: 175.69024
A112: 2024-01 | B112: 알바니아 | C112: 37806 | D112: 0.015537879 | E112: 0.85922727 | F112: -28.965465 | G112: -6.7209474
A113: 2024-09 | B113: 알바니아 | C113: 26930 | D113: 0.010935983 | E113: 1.1220833 | F113: -28.76792 | G113: -49.739647
A114: 2025-01 | B114: 알바니아 | C114: 25150 | D114: 0.012037164 | E114: 1.0479167 | F114: -6.6097289 | G114: -58.815727
A115: 2025-09 | B115: 알바니아 | C115: 53845 | D115: 0.021897823 | E115: 1.1217708 | F115: 114.09543 | G115: 32.086349
A116: 2025-10 | B116: 알바니아 | C116: 46015 | D116: 0.022702779 | E116: 0.95864583 | F116: -14.54174 | G116: 6.152533
A117: 2026-05 | B117: 알바니아 | C117: 79302 | D117: 0.034810339 | E117: 1.652125 | F117: 72.339455 | G117: 196.47824
A118: 2019-03 | B118: 아르메니아 | C118: 95200 | D118: 0.035632128 | E118: 1.4
A119: 2020-09 | B119: 아르메니아 | C119: 61383 | D119: 0.025759882 | E119: 1.0583276 | F119: -35.522059
A120: 2020-12 | B120: 아르메니아 | C120: 177495 | D120: 0.075366365 | E120: 1.3051103 | F120: 189.15987
A121: 2021-01 | B121: 아르메니아 | C121: 135888 | D121: 0.059722343 | E121: 1.3726061 | F121: -23.441224
A122: 2021-02 | B122: 아르메니아 | C122: 45560 | D122: 0.01739984 | E122: 1.34 | F122: -66.472389
A123: 2021-04 | B123: 아르메니아 | C123: 453513 | D123: 0.13947687 | E123: 1.9055168 | F123: 895.41923
A124: 2021-06 | B124: 아르메니아 | C124: 59083 | D124: 0.017688479 | E124: 1.7377353 | F124: -86.972149
A125: 2021-07 | B125: 아르메니아 | C125: 97913 | D125: 0.027482862 | E125: 1.6881552 | F125: 65.721104
A126: 2021-10 | B126: 아르메니아 | C126: 52661 | D126: 0.01438742 | E126: 1.6987419 | F126: -46.216539
A127: 2021-12 | B127: 아르메니아 | C127: 121566 | D127: 0.032330823 | E127: 1.7877353 | F127: 130.84636
A128: 2022-01 | B128: 아르메니아 | C128: 72276 | D128: 0.016827909 | E128: 1.4171765 | F128: -40.545876
A129: 2022-04 | B129: 아르메니아 | C129: 58442 | D129: 0.018798057 | E129: 1.7188824 | F129: -19.140517
A130: 2022-05 | B130: 아르메니아 | C130: 143474 | D130: 0.040291861 | E130: 1.5595 | F130: 145.4981 | G130: 50.707983
A131: 2022-06 | B131: 아르메니아 | C131: 52183 | D131: 0.017818857 | E131: 1.5347941 | F131: -63.62895 | G131: -14.987863
A132: 2022-07 | B132: 아르메니아 | C132: 580 | D132: 0.0002019268 | E132: 0.58 | F132: -98.888527 | G132: -99.67323
A133: 2023-09 | B133: 아르메니아 | C133: 7700 | D133: 0.0029321691 | E133: 1.1 | F133: 1227.5862 | G133: -94.333569
A134: 2023-11 | B134: 아르메니아 | C134: 3300 | D134: 0.0014265462 | E134: 1.1 | F134: -57.142857 | G134: -92.756804
A135: 2024-09 | B135: 아르메니아 | C135: 53811 | D135: 0.021852069 | E135: 1.1210625 | F135: 1530.6364 | G135: -88.134629
A136: 2024-11 | B136: 아르메니아 | C136: 55707 | D136: 0.023278102 | E136: 1.1605625 | F136: 3.5234432 | G136: -5.7139956
...

Sheet 조선_제품
A1: 조선 · 제품믹스 월별 (HD한국조선해양, 한화오션, 삼성중공업, HD현대미포)
A3: 월 | B3: 품목 | C3: 수출액(USD) | D3: 중량(kg) | E3: ASP(USD/kg) | F3: MoM(%) | G3: YoY(%)
A4: 2019-01 | B4: 기타선박(LNG·컨테이너) | C4: 461258250 | D4: 226513137 | E4: 2.0363422
A5: 2019-02 | B5: 기타선박(LNG·컨테이너) | C5: 43918553 | D5: 23764000 | E5: 1.8481128 | F5: -90.478533
A6: 2019-03 | B6: 기타선박(LNG·컨테이너) | C6: 417456484 | D6: 293157200 | E6: 1.4240022 | F6: 850.52422
A7: 2019-04 | B7: 기타선박(LNG·컨테이너) | C7: 338163533 | D7: 166290268 | E7: 2.0335738 | F7: -18.994303
A8: 2019-05 | B8: 기타선박(LNG·컨테이너) | C8: 260369800 | D8: 264458000 | E8: 0.98454121 | F8: -23.004767
A9: 2019-06 | B9: 기타선박(LNG·컨테이너) | C9: 452699828 | D9: 244153900 | E9: 1.8541577 | F9: 73.868025
A10: 2019-07 | B10: 기타선박(LNG·컨테이너) | C10: 750898971 | D10: 368394537 | E10: 2.038301 | F10: 65.871274
A11: 2019-08 | B11: 기타선박(LNG·컨테이너) | C11: 613624113 | D11: 259841600 | E11: 2.3615315 | F11: -18.281402
A12: 2019-09 | B12: 기타선박(LNG·컨테이너) | C12: 294727402 | D12: 194950800 | E12: 1.511804 | F12: -51.96939
A13: 2019-10 | B13: 기타선박(LNG·컨테이너) | C13: 454229819 | D13: 355515600 | E13: 1.2776649 | F13: 54.118625
A14: 2019-11 | B14: 기타선박(LNG·컨테이너) | C14: 397373268 | D14: 313798200 | E14: 1.2663338 | F14: -12.517133
A15: 2019-12 | B15: 기타선박(LNG·컨테이너) | C15: 236706984 | D15: 177884900 | E15: 1.330675 | F15: -40.432082
A16: 2020-01 | B16: 기타선박(LNG·컨테이너) | C16: 479414660 | D16: 227906000 | E16: 2.1035631 | F16: 102.53507 | G16: 3.9362786
A17: 2020-02 | B17: 기타선박(LNG·컨테이너) | C17: 366187837 | D17: 401690900 | E17: 0.91161596 | F17: -23.617722 | G17: 733.78848
A18: 2020-03 | B18: 기타선박(LNG·컨테이너) | C18: 503165932 | D18: 242156600 | E18: 2.0778535 | F18: 37.406511 | G18: 20.531349
A19: 2020-04 | B19: 기타선박(LNG·컨테이너) | C19: 469662791 | D19: 332406300 | E19: 1.4129178 | F19: -6.6584677 | G19: 38.886292
A20: 2020-05 | B20: 기타선박(LNG·컨테이너) | C20: 385587317 | D20: 244294800 | E20: 1.5783689 | F20: -17.901242 | G20: 48.092182
A21: 2020-06 | B21: 기타선박(LNG·컨테이너) | C21: 142217437 | D21: 568894000 | E21: 0.24998934 | F21: -63.116671 | G21: -68.584605
A22: 2020-07 | B22: 기타선박(LNG·컨테이너) | C22: 871514124 | D22: 651593082 | E22: 1.3375129 | F22: 512.80399 | G22: 16.062767
A23: 2020-08 | B23: 기타선박(LNG·컨테이너) | C23: 525189783 | D23: 142202000 | E23: 3.6932658 | F23: -39.738236 | G23: -14.411808
A24: 2020-09 | B24: 기타선박(LNG·컨테이너) | C24: 375852278 | D24: 498320340 | E24: 0.75423828 | F24: -28.43496 | G24: 27.525393
A25: 2020-10 | B25: 기타선박(LNG·컨테이너) | C25: 672796893 | D25: 432815600 | E25: 1.5544654 | F25: 79.005671 | G25: 48.118169
A26: 2020-11 | B26: 기타선박(LNG·컨테이너) | C26: 350529067 | D26: 332143700 | E26: 1.0553537 | F26: -47.89972 | G26: -11.788463
A27: 2020-12 | B27: 기타선박(LNG·컨테이너) | C27: 1129455039 | D27: 556369100 | E27: 2.0300463 | F27: 222.21437 | G27: 377.15324
... A92: 2026-05 | B92: 기타선박(LNG·컨테이너) | C92: 615633660 | D92: 96593003 | E92: 6.3734809 | F92: 85.072926 | G92: -57.494495
A93: 2026-06 | B93: 기타선박(LNG·컨테이너) | F93: 0 | G93: -51.983219
A94: 2019-01 | B94: 선박엔진 | C94: 31147712 | D94: 4394342 | E94: 7.0881402
A95: 2019-02 | B95: 선박엔진 | C95: 24507881 | D95: 2692400 | E95: 9.1026151 | F95: -21.317235
A96: 2019-03 | B96: 선박엔진 | C96: 27894463 | D96: 3805268 | E96: 7.3304858 | F96: 13.818339
A97: 2019-04 | B97: 선박엔진 | C97: 42202508 | D97: 5808064 | E97: 7.266192 | F97: 51.293495
A98: 2019-05 | B98: 선박엔진 | C98: 43601044 | D98: 6095630 | E98: 7.1528364 | F98: 3.3138694
A99: 2019-06 | B99: 선박엔진 | C99: 25150208 | D99: 3246469 | E99: 7.7469423 | F99: -42.317418
A100: 2019-07 | B100: 선박엔진 | C100: 45929152 | D100: 6742770 | E100: 6.8116148 | F100: 82.619372
A101: 2019-08 | B101: 선박엔진 | C101: 34948952 | D101: 4988489 | E101: 7.0059194 | F101: -23.906821
A102: 2019-09 | B102: 선박엔진 | C102: 36957929 | D102: 5765706 | E102: 6.4099573 | F102: 5.7483183
A103: 2019-10 | B103: 선박엔진 | C103: 77836537 | D103: 10977648 | E103: 7.0904566 | F103: 110.60849
A104: 2019-11 | B104: 선박엔진 | C104: 37345398 | D104: 6306092 | E104: 5.9221144 | F104: -52.020735
A105: 2019-12 | B105: 선박엔진 | C105: 60752171 | D105: 8978677 | E105: 6.766272 | F105: 62.676459
A106: 2020-01 | B106: 선박엔진 | C106: 20566899 | D106: 3665768 | E106: 5.6105294 | F106: -66.146232 | G106: -33.969792
A107: 2020-02 | B107: 선박엔진 | C107: 47440299 | D107: 6235254 | E107: 7.6083988 | F107: 130.66335 | G107: 93.571607
A108: 2020-03 | B108: 선박엔진 | C108: 35721118 | D108: 4774970 | E108: 7.4809094 | F108: -24.703008 | G108: 28.058095
A109: 2020-04 | B109: 선박엔진 | C109: 43478775 | D109: 5561041 | E109: 7.8184597 | F109: 21.717285 | G109: 3.0241497
A110: 2020-05 | B110: 선박엔진 | C110: 55966036 | D110: 7722694 | E110: 7.2469576 | F110: 28.720361 | G110: 28.359394
A111: 2020-06 | B111: 선박엔진 | C111: 35417490 | D111: 5787871 | E111: 6.1192604 | F111: -36.7161 | G111: 40.823845
A112: 2020-07 | B112: 선박엔진 | C112: 50719307 | D112: 7122928 | E112: 7.1205699 | F112: 43.204126 | G112: 10.429444
A113: 2020-08 | B113: 선박엔진 | C113: 35654329 | D113: 5400280 | E113: 6.6023112 | F113: -29.70265 | G113: 2.0183066
A114: 2020-09 | B114: 선박엔진 | C114: 35045384 | D114: 4789765 | E114: 7.3167231 | F114: -1.7079132 | G114: -5.1749247
A115: 2020-10 | B115: 선박엔진 | C115: 22730703 | D115: 3597477 | E115: 6.3185124 | F115: -35.139238 | G115: -70.796873
A116: 2020-11 | B116: 선박엔진 | C116: 57617918 | D116: 8924130 | E116: 6.4564185 | F116: 153.48058 | G116: 54.28385
A117: 2020-12 | B117: 선박엔진 | C117: 51618293 | D117: 7673935 | E117: 6.7264439 | F117: -10.412776 | G117: -15.034653
... A182: 2026-05 | B182: 선박엔진 | C182: 91777891 | D182: 8039705 | E182: 11.415579 | F182: -15.060289 | G182: 56.053686
A183: 2026-06 | B183: 선박엔진 | F183: 0 | G183: -42.2121
A184: 2019-01 | B184: 어선·작업선 | C184: 0 | D184: 0
A185: 2019-02 | B185: 어선·작업선
A186: 2019-03 | B186: 어선·작업선 | C186: 1311318 | D186: 256900 | E186: 5.1043908
A187: 2019-04 | B187: 어선·작업선 | C187: 45000 | D187: 20000 | E187: 2.25 | F187: -96.568338
A188: 2019-05 | B188: 어선·작업선 | C188: 0 | D188: 0 | F188: -100
A189: 2019-06 | B189: 어선·작업선 | C189: 320000 | D189: 367000 | E189: 0.8719346
A190: 2019-07 | B190: 어선·작업선 | C190: 0 | D190: 0 | F190: -100
A191: 2019-08 | B191: 어선·작업선 | C191: 500000 | D191: 456000 | E191: 1.0964912
A192: 2019-09 | B192: 어선·작업선 | C192: 795150 | D192: 57914 | E192: 13.729841 | F192: 59.03
A193: 2019-10 | B193: 어선·작업선 | C193: 99309 | D193: 79000 | E193: 1.2570759 | F193: -87.510658
A194: 2019-11 | B194: 어선·작업선 | C194: 14542416 | D194: 1932000 | E194: 7.5271304 | F194: 14543.603
A195: 2019-12 | B195: 어선·작업선 | C195: 13718211 | D195: 1752000 | E195: 7.8300291 | F195: -5.6675933
A196: 2020-01 | B196: 어선·작업선 | C196: 13832187 | D196: 1808000 | E196: 7.6505459 | F196: 0.8308372
A197: 2020-02 | B197: 어선·작업선 | C197: 6400000 | D197: 632000 | E197: 10.126582 | F197: -53.731106
A198: 2020-03 | B198: 어선·작업선 | C198: 55000 | D198: 139000 | E198: 0.39568345 | F198: -99.140625 | G198: -95.805747
A199: 2020-04 | B199: 어선·작업선 | C199: 19951 | D199: 3000 | E199: 6.6503333 | F199: -63.725455 | G199: -55.664444
A200: 2020-05 | B200: 어선·작업선 | C200: 3703031 | D200: 96000 | E200: 38.57324 | F200: 18460.629
A201: 2020-06 | B201: 어선·작업선 | C201: 500000 | D201: 540000 | E201: 0.92592593 | F201: -86.497548 | G201: 56.25
A202: 2020-07 | B202: 어선·작업선 | C202: 210353 | D202: 302910 | E202: 0.69444059 | F202: -57.9294
A203: 2020-08 | B203: 어선·작업선 | C203: 0 | D203: 0 | F203: -100 | G203: -100
A204: 2020-09 | B204: 어선·작업선 | C204: 55705 | D204: 862000 | E204: 0.06462297 | G204: -92.994404
A205: 2020-10 | B205: 어선·작업선 | C205: 9179539 | D205: 1254495 | E205: 7.3173181 | F205: 16378.842 | G205: 9143.411
A206: 2020-11 | B206: 어선·작업선 | C206: 1981 | D206: 14 | E206: 141.5 | F206: -99.978419 | G206: -99.986378
A207: 2020-12 | B207: 어선·작업선 | C207: 5385000 | D207: 832000 | E207: 6.4723558 | F207: 271732.41 | G207: -60.74561
A208: 2021-01 | B208: 어선·작업선 | C208: 0 | D208: 0 | F208: -100 | G208: -100
A209: 2021-02 | B209: 어선·작업선 | G209: -100
A210: 2021-03 | B210: 어선·작업선 | C210: 9035000 | D210: 2018000 | E210: 4.4772052 | G210: 16327.273
A211: 2021-04 | B211: 어선·작업선 | C211: 0 | D211: 0 | F211: -100 | G211: -100
A212: 2021-05 | B212: 어선·작업선 | C212: 1728000 | D212: 873000 | E212: 1.9793814 | G212: -53.335524
A213: 2021-06 | B213: 어선·작업선 | C213: 550000 | D213: 170000 | E213: 3.2352941 | F213: -68.171296 | G213: 10
A214: 2021-07 | B214: 어선·작업선 | C214: 540000 | D214: 161000 | E214: 3.3540373 | F214: -1.8181818 | G214: 156.71134
A215: 2021-08 | B215: 어선·작업선 | C215: 26000000 | D215: 2152000 | E215: 12.081784 | F215: 4714.8148
A216: 2021-09 | B216: 어선·작업선 | C216: 0 | D216: 0 | F216: -100 | G216: -100
A217: 2021-10 | B217: 어선·작업선 | C217: 860000 | D217: 651000 | E217: 1.3210445 | G217: -90.631338
A218: 2021-11 | B218: 어선·작업선 | C218: 0 | D218: 0 | F218: -100 | G218: -100
A219: 2021-12 | B219: 어선·작업선 | C219: 1200000 | D219: 623000 | E219: 1.9261637 | G219: -77.715877
A220: 2022-01 | B220: 어선·작업선 | C220: 0 | D220: 0 | F220: -100
A221: 2022-02 | B221: 어선·작업선 | C221: 0 | D221: 0
A222: 2022-03 | B222: 어선·작업선 | C222: 55000 | D222: 139000 | E222: 0.39568345 | G222: -99.391256
A223: 2022-04 | B223: 어선·작업선 | C223: 1050000 | D223: 164000 | E223: 6.402439 | F223: 1809.0909
A224: 2022-05 | B224: 어선·작업선 | C224: 2550000 | D224: 272040 | E224: 9.3736215 | F224: 142.85714 | G224: 47.569444
A225: 2022-06 | B225: 어선·작업선 | C225: 0 | D225: 0 | F225: -100 | G225: -100
A226: 2022-07 | B226: 어선·작업선 | C226: 900000 | D226: 237000 | E226: 3.7974684 | G226: 66.666667
A227: 2022-08 | B227: 어선·작업선 | C227: 2297860 | D227: 730000 | E227: 3.1477534 | F227: 155.31778 | G227: -91.162077
A228: 2022-09 | B228: 어선·작업선 | C228: 657000 | D228: 161000 | E228: 4.0807453 | F228: -71.40818
A229: 2022-10 | B229: 어선·작업선 | C229: 0 | D229: 0 | F229: -100 | G229: -100
...

Sheet 조선_국가
A1: 조선 · 향지별 월별 (대표 HS 890190)
A3: 월 | B3: 향지 | C3: 수출액(USD) | D3: 비중(%) | E3: ASP(USD/kg) | F3: MoM(%) | G3: YoY(%)
A4: 2019-03 | B4: 아랍에미리트 연합 | C4: 22500000 | D4: 5.3897833 | E4: 0.24077047
A5: 2019-07 | B5: 아랍에미리트 연합 | C5: 9750000 | D5: 1.2984436 | E5: 0.33236748 | F5: -56.666667
A6: 2019-12 | B6: 아랍에미리트 연합 | C6: 304000 | D6: 0.12842883 | E6: 0.30552764 | F6: -96.882051
A7: 2020-01 | B7: 아랍에미리트 연합 | C7: 1515000 | D7: 0.31601036 | E7: 0.22368227 | F7: 398.35526
A8: 2021-03 | B8: 아랍에미리트 연합 | C8: 1090000 | D8: 0.11709964 | E8: 0.57459146 | F8: -28.052805
A9: 2021-05 | B9: 아랍에미리트 연합 | C9: 430000 | D9: 0.078148919 | E9: 0.27388535 | F9: -60.550459
A10: 2022-03 | B10: 아랍에미리트 연합 | C10: 1022235 | D10: 0.19996151 | E10: 0.25215466 | F10: 137.72907
A11: 2022-04 | B11: 아랍에미리트 연합 | C11: 950000 | D11: 1.5441882 | E11: 0.30254777 | F11: -7.0663791
A12: 2022-09 | B12: 아랍에미리트 연합 | C12: 5525000 | D12: 1.0967083 | E12: 0.4043176 | F12: 481.57895
A13: 2022-10 | B13: 아랍에미리트 연합 | C13: 2600000 | D13: 0.31374284 | E13: 1.6149068 | F13: -52.941176
A14: 2023-02 | B14: 아랍에미리트 연합 | C14: 1880000 | D14: 0.27684092 | E14: 0.70517629 | F14: -27.692308
A15: 2023-06 | B15: 아랍에미리트 연합 | C15: 301995 | D15: 0.023377609 | E15: 0.21963273 | F15: -83.936436
A16: 2023-12 | B16: 아랍에미리트 연합 | C16: 3700000 | D16: 0.48072411 | E16: 0.61625583 | F16: 1125.1858 | G16: -83.555556
A17: 2024-01 | B17: 아랍에미리트 연합 | C17: 823107 | D17: 0.052024365 | E17: 0.17568986 | F17: -77.753865 | G17: -91.557877
A18: 2024-04 | B18: 아랍에미리트 연합 | C18: 450000 | D18: 0.035717504 | E18: 0.28301887 | F18: -45.329101 | G18: 48.026316
A19: 2024-07 | B19: 아랍에미리트 연합 | C19: 3660000 | D19: 0.42711643 | E19: 1.0280899 | F19: 713.33333 | G19: 141.58416
A20: 2024-10 | B20: 아랍에미리트 연합 | C20: 1200000 | D20: 0.090310216 | E20: 0.43859649 | F20: -67.213115 | G20: 10.091743
A21: 2025-01 | B21: 아랍에미리트 연합 | C21: 400000 | D21: 0.031735685 | E21: 0.40120361 | F21: -66.666667 | G21: -6.9767442
A22: 2025-03 | B22: 아랍에미리트 연합 | C22: 0 | D22: 0 | F22: -100 | G22: -100
A23: 2025-05 | B23: 아랍에미리트 연합 | C23: 550000 | D23: 0.037973927 | E23: 0.34788109 | G23: -42.105263
A24: 2025-09 | B24: 아랍에미리트 연합 | C24: 647235 | D24: 0.076364136 | E24: 0.20032033 | F24: 17.679091 | G24: -88.285339
A25: 2026-01 | B25: 아랍에미리트 연합 | C25: 2054654 | D25: 0.50051505 | E25: 1.0242542 | F25: 217.451 | G25: -20.974846
A26: 2026-02 | B26: 아랍에미리트 연합 | C26: 140 | D26: 2.2533131e-05 | E26: 23.333333 | F26: -99.993186 | G26: -99.992553
A27: 2026-05 | B27: 아랍에미리트 연합 | C27: 700000 | D27: 0.11370398 | E27: 0.19668446 | F27: 499900 | G27: 131.79192
A28: 2019-04 | B28: 앙귈라 | C28: 630000 | D28: 0.1863004 | E28: 0.3372591
A29: 2020-07 | B29: 호주 | C29: 5273715 | D29: 0.605121 | E29: 0.10831875
A30: 2021-07 | B30: 호주 | C30: 0 | D30: 0 | F30: -100
A31: 2021-08 | B31: 호주 | C31: 0 | D31: 0
A32: 2022-01 | B32: 호주 | C32: 13295000 | D32: 12.98834 | E32: 0.23366786
A33: 2022-03 | B33: 호주 | C33: 27000000 | D33: 5.281526 | E33: 0.44662796 | F33: 103.08387
A34: 2022-04 | B34: 호주 | C34: 0 | D34: 0 | F34: -100
A35: 2022-05 | B35: 호주 | C35: 53260000 | D35: 5.4261061 | E35: 0.4405075
A36: 2022-10 | B36: 호주 | C36: 0 | D36: 0 | F36: -100
A37: 2023-01 | B37: 호주 | C37: 0 | D37: 0
A38: 2023-02 | B38: 호주 | C38: 23500000 | D38: 3.4605114 | E38: 0.3963101
A39: 2024-10 | B39: 호주 | C39: 21110000 | D39: 1.5887072 | E39: 0.35810008 | F39: -10.170213
A40: 2025-01 | B40: 호주 | C40: 0 | D40: 0 | F40: -100
A41: 2025-04 | B41: 호주 | C41: 132438000 | D41: 21.651233 | E41: 0.72787329 | G41: 2411.2847
A42: 2025-05 | B42: 호주 | C42: 34900000 | D42: 2.4096183 | E42: 0.439879 | F42: -73.648047
A43: 2025-06 | B43: 호주 | C43: 0 | D43: 0 | F43: -100
A44: 2026-01 | B44: 호주 | C44: 38000000 | D44: 9.2568246 | E44: 0.77830575 | G44: 185.82174
A45: 2026-03 | B45: 호주 | C45: 43750000 | D45: 9.1421241 | E45: 0.8960757 | F45: 15.131579 | G45: 62.037037
A46: 2026-04 | B46: 호주 | C46: 0 | D46: 0 | F46: -100
A47: 2026-05 | B47: 호주 | C47: 0 | D47: 0 | G47: -100
A48: 2019-08 | B48: 방글라데시 | C48: 2949943 | D48: 0.48074105 | E48: 0.39972127
A49: 2020-02 | B49: 방글라데시 | C49: 4964732 | D49: 1.3557883 | E49: 0.18280919 | F49: 68.299252
A50: 2020-03 | B50: 방글라데시 | C50: 1731896 | D50: 0.34419977 | E50: 0.19179358 | F50: -65.116022
A51: 2021-03 | B51: 방글라데시 | C51: 3116384 | D51: 0.33479583 | E51: 0.26867695 | F51: 79.940597
A52: 2022-04 | B52: 방글라데시 | C52: 5150000 | D52: 8.3711253 | E52: 0.29718968 | F52: 65.25563
A53: 2024-05 | B53: 방글라데시 | C53: 4918075 | D53: 0.32370624 | E53: 0.21318978 | F53: -4.5033981
A54: 2024-10 | B54: 방글라데시 | C54: 721000 | D54: 0.054261388 | E54: 0.16319602 | F54: -85.339793
A55: 2026-01 | B55: 방글라데시 | C55: 978670 | D55: 0.23840465 | E55: 0.3997835 | F55: 35.737864
A56: 2026-03 | B56: 방글라데시 | C56: 73847570 | D56: 15.431398 | E56: 2.0810339 | F56: 7445.7069
A57: 2026-04 | B57: 방글라데시 | C57: 1695000 | D57: 0.50955403 | E57: 0.38383152 | F57: -97.704732
A58: 2020-07 | B58: 바레인 | C58: 0 | D58: 0
A59: 2019-03 | B59: 버뮤다 | C59: 212477084 | D59: 50.89802 | E59: 5.9803509
A60: 2020-03 | B60: 버뮤다 | C60: 187882212 | D60: 37.340011 | E60: 4.699452 | F60: -11.575306
A61: 2020-04 | B61: 버뮤다 | C61: 183506049 | D61: 39.071873 | E61: 4.9391056 | F61: -2.3292056
A62: 2020-07 | B62: 버뮤다 | C62: 183466505 | D62: 21.051467 | E62: 4.9660032 | F62: -0.021549153
A63: 2020-11 | B63: 버뮤다 | C63: 181784183 | D63: 51.859945 | E63: 2.0614285 | F63: -0.91696411
A64: 2020-12 | B64: 버뮤다 | C64: 182288965 | D64: 16.13955 | E64: 2.067087 | F64: 0.27768202
A65: 2021-06 | B65: 버뮤다 | C65: 189270950 | D65: 34.451136 | E65: 5.1710266 | F65: 3.8301743
A66: 2021-08 | B66: 버뮤다 | C66: 189059845 | D66: 21.559533 | E66: 5.1629034 | F66: -0.11153587
A67: 2021-12 | B67: 버뮤다 | C67: 184709437 | D67: 47.980279 | E67: 5.301816 | F67: -2.3010746
A68: 2024-04 | B68: 버뮤다 | C68: 207547691 | D68: 16.473523 | E68: 2.3615423 | F68: 12.364422
A69: 2024-05 | B69: 버뮤다 | C69: 209838531 | D69: 13.81151 | E69: 6.1331189 | F69: 1.1037656
A70: 2024-06 | B70: 버뮤다 | C70: 207694600 | D70: 17.997665 | E70: 2.3615077 | F70: -1.0217051
A71: 2024-07 | B71: 버뮤다 | C71: 208176008 | D71: 24.293824 | E71: 2.3655881 | F71: 0.23178648 | G71: -2.0242541
A72: 2024-10 | B72: 버뮤다 | C72: 210973043 | D72: 15.877518 | E72: 2.3959752 | F72: 1.3435914 | G72: 12.290057
A73: 2024-11 | B73: 버뮤다 | C73: 211007550 | D73: 15.497839 | E73: 2.396759 | F73: 0.016356118 | G73: 14.9867
A74: 2024-12 | B74: 버뮤다 | C74: 207748936 | D74: 10.829573 | E74: 2.3616314 | F74: -1.5443116 | G74: 13.235348
A75: 2019-07 | B75: 브라질 | C75: 0 | D75: 0
A76: 2020-01 | B76: 브라질 | C76: 0 | D76: 0
A77: 2021-07 | B77: 브라질 | C77: 0 | D77: 0
A78: 2023-06 | B78: 브라질 | C78: 0 | D78: 0
A79: 2023-12 | B79: 브라질 | C79: 0 | D79: 0
A80: 2019-01 | B80: 바하마 | C80: 199456253 | D80: 43.241775 | E80: 5.5953167
A81: 2020-10 | B81: 바하마 | C81: 179114814 | D81: 26.62242 | E81: 5.0740741 | F81: -10.198446
A82: 2021-10 | B82: 바하마 | C82: 184152127 | D82: 22.5109 | E82: 5.2277331 | F82: 2.8123375
A83: 2022-05 | B83: 바하마 | C83: 186088269 | D83: 18.958593 | E83: 5.300301 | F83: 1.0513818
A84: 2024-08 | B84: 바하마 | C84: 106536212 | D84: 5.3486848 | E84: 5.0390792 | F84: -42.749636
A85: 2025-01 | B85: 바하마 | C85: 112470417 | D85: 8.9233143 | E85: 5.078359 | F85: 5.5701295
A86: 2025-03 | B86: 바하마 | C86: 115558631 | D86: 6.9761474 | E86: 5.4642818 | F86: 2.7458011
A87: 2025-07 | B87: 바하마 | C87: 115850210 | D87: 17.583308 | E87: 5.4664375 | F87: 0.25232127
A88: 2020-08 | B88: 벨리제 | C88: 0 | D88: 0
A89: 2020-11 | B89: 벨리제 | C89: 0 | D89: 0
A90: 2021-06 | B90: 벨리제 | C90: 0 | D90: 0
A91: 2021-09 | B91: 벨리제 | C91: 0 | D91: 0
A92: 2019-08 | B92: 캐나다 | C92: 0 | D92: 0
A93: 2020-05 | B93: 캐나다 | C93: 0 | D93: 0
A94: 2020-06 | B94: 캐나다 | C94: 0 | D94: 0
A95: 2021-09 | B95: 캐나다 | C95: 0 | D95: 0
A96: 2025-06 | B96: 캐나다 | C96: 22100000 | D96: 1.7237051 | E96: 0.5027755
A97: 2019-06 | B97: 콩고 | C97: 1010000 | D97: 0.22310589 | E97: 0.36291771
A98: 2019-01 | B98: 중국 | C98: 31000000 | D98: 6.720747 | E98: 0.33085162
A99: 2019-02 | B99: 중국 | C99: 0 | D99: 0 | F99: -100
A100: 2019-03 | B100: 중국 | C100: 84370000 | D100: 20.21049 | E100: 1.6201321
A101: 2019-04 | B101: 중국 | C101: 0 | D101: 0 | F101: -100
...

Sheet 의료기기_제품
A1: 의료기기 · 제품믹스 월별 (오스템임플란트, 덴티움, 클래시스, 레이언스, 바텍)
A3: 월 | B3: 품목 | C3: 수출액(USD) | D3: 중량(kg) | E3: ASP(USD/kg) | F3: MoM(%) | G3: YoY(%)
A4: 2019-01 | B4: CT | C4: 1208539 | D4: 12125 | E4: 99.67332
A5: 2019-02 | B5: CT | C5: 1499008 | D5: 11813 | E5: 126.89478 | F5: 24.034723
A6: 2019-03 | B6: CT | C6: 1843093 | D6: 12549 | E6: 146.8717 | F6: 22.95418
A7: 2019-04 | B7: CT | C7: 1479800 | D7: 14931 | E7: 99.109236 | F7: -19.711051
A8: 2019-05 | B8: CT | C8: 1906878 | D8: 10492 | E8: 181.7459 | F8: 28.860522
A9: 2019-06 | B9: CT | C9: 2250221 | D9: 14959 | E9: 150.4259 | F9: 18.005504
A10: 2019-07 | B10: CT | C10: 1858742 | D10: 16392 | E10: 113.39324 | F10: -17.397358
A11: 2019-08 | B11: CT | C11: 1515837 | D11: 14333 | E11: 105.75853 | F11: -18.44823
A12: 2019-09 | B12: CT | C12: 2529097 | D12: 24574 | E12: 102.9176 | F12: 66.844918
A13: 2019-10 | B13: CT | C13: 1972094 | D13: 16047 | E13: 122.89487 | F13: -22.02379
A14: 2019-11 | B14: CT | C14: 2110618 | D14: 22701 | E14: 92.974671 | F14: 7.0242088
A15: 2019-12 | B15: CT | C15: 3017830 | D15: 28012 | E15: 107.73347 | F15: 42.98324
A16: 2020-01 | B16: CT | C16: 990412 | D16: 8926 | E16: 110.9581 | F16: -67.181319 | G16: -18.048818
A17: 2020-02 | B17: CT | C17: 776075 | D17: 10634 | E17: 72.980534 | F17: -21.641196 | G17: -48.227428
A18: 2020-03 | B18: CT | C18: 2469009 | D18: 26480 | E18: 93.240521 | F18: 218.14051 | G18: 33.960088
A19: 2020-04 | B19: CT | C19: 154634 | D19: 799 | E19: 193.53442 | F19: -93.737001 | G19: -89.550345
A20: 2020-05 | B20: CT | C20: 1991009 | D20: 29815 | E20: 66.778769 | F20: 1187.5622 | G20: 4.411976
A21: 2020-06 | B21: CT | C21: 5071942 | D21: 47258 | E21: 107.32452 | F21: 154.74229 | G21: 125.39751
A22: 2020-07 | B22: CT | C22: 2956027 | D22: 37978 | E22: 77.835247 | F22: -41.718044 | G22: 59.033744
A23: 2020-08 | B23: CT | C23: 3292157 | D23: 33791 | E23: 97.427037 | F23: 11.371006 | G23: 117.1841
A24: 2020-09 | B24: CT | C24: 1051915 | D24: 9091 | E24: 115.70949 | F24: -68.047848 | G24: -58.407487
A25: 2020-10 | B25: CT | C25: 1637131 | D25: 18203 | E25: 89.937428 | F25: 55.633392 | G25: -16.985144
A26: 2020-11 | B26: CT | C26: 3129829 | D26: 28929 | E26: 108.19002 | F26: 91.177676 | G26: 48.289695
A27: 2020-12 | B27: CT | C27: 3442103 | D27: 36968 | E27: 93.110339 | F27: 9.9773502 | G27: 14.058877
... A92: 2026-05 | B92: CT | C92: 3463360 | D92: 43086 | E92: 80.382491 | F92: 26.586322 | G92: 20.373798
A93: 2026-06 | B93: CT | F93: 0 | G93: -20.460057
A94: 2019-01 | B94: 기타 의료기기 | C94: 35540753 | D94: 656301 | E94: 54.153129
A95: 2019-02 | B95: 기타 의료기기 | C95: 32416501 | D95: 546007 | E95: 59.37012 | F95: -8.7906185
A96: 2019-03 | B96: 기타 의료기기 | C96: 55818348 | D96: 1060652 | E96: 52.626449 | F96: 72.191157
A97: 2019-04 | B97: 기타 의료기기 | C97: 44655703 | D97: 759575 | E97: 58.79038 | F97: -19.998164
A98: 2019-05 | B98: 기타 의료기기 | C98: 46161059 | D98: 738872 | E98: 62.475042 | F98: 3.3710274
A99: 2019-06 | B99: 기타 의료기기 | C99: 46136177 | D99: 755205 | E99: 61.090932 | F99: -0.053902576
A100: 2019-07 | B100: 기타 의료기기 | C100: 42126557 | D100: 646414 | E100: 65.169623 | F100: -8.6908371
A101: 2019-08 | B101: 기타 의료기기 | C101: 41717014 | D101: 632173 | E101: 65.98987 | F101: -0.97217297
A102: 2019-09 | B102: 기타 의료기기 | C102: 51725361 | D102: 963887 | E102: 53.663304 | F102: 23.991044
A103: 2019-10 | B103: 기타 의료기기 | C103: 60940480 | D103: 1148632 | E103: 53.054834 | F103: 17.815475
A104: 2019-11 | B104: 기타 의료기기 | C104: 57066580 | D104: 1110759 | E104: 51.376203 | F104: -6.3568584
A105: 2019-12 | B105: 기타 의료기기 | C105: 65086212 | D105: 1027716 | E105: 63.330932 | F105: 14.053115
A106: 2020-01 | B106: 기타 의료기기 | C106: 38796529 | D106: 538795 | E106: 72.006104 | F106: -40.392093 | G106: 9.1606838
A107: 2020-02 | B107: 기타 의료기기 | C107: 43945783 | D107: 676849 | E107: 64.927012 | F107: 13.272461 | G107: 35.56609
A108: 2020-03 | B108: 기타 의료기기 | C108: 49227554 | D108: 860222 | E108: 57.226569 | F108: 12.018835 | G108: -11.807576
A109: 2020-04 | B109: 기타 의료기기 | C109: 26574871 | D109: 464882 | E109: 57.164767 | F109: -46.016268 | G109: -40.489413
A110: 2020-05 | B110: 기타 의료기기 | C110: 22179285 | D110: 351948 | E110: 63.018642 | F110: -16.540385 | G110: -51.952391
A111: 2020-06 | B111: 기타 의료기기 | C111: 34849509 | D111: 407855 | E111: 85.44583 | F111: 57.126386 | G111: -24.463813
A112: 2020-07 | B112: 기타 의료기기 | C112: 38941681 | D112: 487736 | E112: 79.84172 | F112: 11.742409 | G112: -7.5602571
A113: 2020-08 | B113: 기타 의료기기 | C113: 37817598 | D113: 467314 | E113: 80.925455 | F113: -2.8865806 | G113: -9.3473037
A114: 2020-09 | B114: 기타 의료기기 | C114: 52115539 | D114: 701612 | E114: 74.279714 | F114: 37.807639 | G114: 0.7543263
A115: 2020-10 | B115: 기타 의료기기 | C115: 49172103 | D115: 874809 | E115: 56.208959 | F115: -5.6479047 | G115: -19.311264
A116: 2020-11 | B116: 기타 의료기기 | C116: 50785089 | D116: 669020 | E116: 75.909672 | F116: 3.2802868 | G116: -11.007302
A117: 2020-12 | B117: 기타 의료기기 | C117: 56414542 | D117: 637611 | E117: 88.477994 | F117: 11.084854 | G117: -13.323359
... A182: 2026-05 | B182: 기타 의료기기 | C182: 95432540 | D182: 535378 | E182: 178.25264 | F182: 7.5466773 | G182: 14.006
A183: 2026-06 | B183: 기타 의료기기 | F183: 0 | G183: -18.311811
A184: 2019-01 | B184: 정형외과용(임플란트)
A185: 2019-02 | B185: 정형외과용(임플란트)
A186: 2019-03 | B186: 정형외과용(임플란트)
A187: 2019-04 | B187: 정형외과용(임플란트)
A188: 2019-05 | B188: 정형외과용(임플란트)
A189: 2019-06 | B189: 정형외과용(임플란트)
A190: 2019-07 | B190: 정형외과용(임플란트)
A191: 2019-08 | B191: 정형외과용(임플란트)
A192: 2019-09 | B192: 정형외과용(임플란트)
A193: 2019-10 | B193: 정형외과용(임플란트)
A194: 2019-11 | B194: 정형외과용(임플란트)
A195: 2019-12 | B195: 정형외과용(임플란트)
... A273: 2026-06 | B273: 정형외과용(임플란트)
A274: 2019-01 | B274: 초음파·진단 | C274: 55040202 | D274: 293409 | E274: 187.58866
A275: 2019-02 | B275: 초음파·진단 | C275: 51516161 | D275: 261928 | E275: 196.68062 | F275: -6.4026673
A276: 2019-03 | B276: 초음파·진단 | C276: 65182037 | D276: 289784 | E276: 224.93318 | F276: 26.527357
A277: 2019-04 | B277: 초음파·진단 | C277: 55895008 | D277: 297360 | E277: 187.97084 | F277: -14.247835
A278: 2019-05 | B278: 초음파·진단 | C278: 61077998 | D278: 297953 | E278: 204.99206 | F278: 9.2727243
A279: 2019-06 | B279: 초음파·진단 | C279: 57979409 | D279: 254849 | E279: 227.50495 | F279: -5.0731673
A280: 2019-07 | B280: 초음파·진단 | C280: 54900120 | D280: 318546 | E280: 172.34597 | F280: -5.3110045
A281: 2019-08 | B281: 초음파·진단 | C281: 43160703 | D281: 244555 | E281: 176.48669 | F281: -21.383226
A282: 2019-09 | B282: 초음파·진단 | C282: 59207524 | D282: 311110 | E282: 190.31058 | F282: 37.179239
A283: 2019-10 | B283: 초음파·진단 | C283: 57044454 | D283: 324254 | E283: 175.92521 | F283: -3.6533701
A284: 2019-11 | B284: 초음파·진단 | C284: 54868957 | D284: 316498 | E284: 173.36273 | F284: -3.8136871
A285: 2019-12 | B285: 초음파·진단 | C285: 50842803 | D285: 287419 | E285: 176.89437 | F285: -7.337763
A286: 2020-01 | B286: 초음파·진단 | C286: 42943796 | D286: 251163 | E286: 170.97979 | F286: -15.536136 | G286: -21.977401
A287: 2020-02 | B287: 초음파·진단 | C287: 47740267 | D287: 258038 | E287: 185.01254 | F287: 11.169183 | G287: -7.329533
A288: 2020-03 | B288: 초음파·진단 | C288: 54133558 | D288: 294292 | E288: 183.94505 | F288: 13.391821 | G288: -16.95019
A289: 2020-04 | B289: 초음파·진단 | C289: 47006972 | D289: 282401 | E289: 166.45469 | F289: -13.164821 | G289: -15.901306
A290: 2020-05 | B290: 초음파·진단 | C290: 35220358 | D290: 183561 | E290: 191.87277 | F290: -25.074183 | G290: -42.335441
A291: 2020-06 | B291: 초음파·진단 | C291: 31045909 | D291: 159320 | E291: 194.86511 | F291: -11.852375 | G291: -46.453561
A292: 2020-07 | B292: 초음파·진단 | C292: 43903727 | D292: 253224 | E292: 173.37901 | F292: 41.415499 | G292: -20.029816
A293: 2020-08 | B293: 초음파·진단 | C293: 34745486 | D293: 198258 | E293: 175.25389 | F293: -20.859826 | G293: -19.497405
A294: 2020-09 | B294: 초음파·진단 | C294: 52079365 | D294: 296815 | E294: 175.46069 | F294: 49.888147 | G294: -12.039279
A295: 2020-10 | B295: 초음파·진단 | C295: 53866419 | D295: 326554 | E295: 164.95409 | F295: 3.4314051 | G295: -5.5711551
A296: 2020-11 | B296: 초음파·진단 | C296: 59920918 | D296: 363618 | E296: 164.79085 | F296: 11.239839 | G296: 9.207321
A297: 2020-12 | B297: 초음파·진단 | C297: 60741981 | D297: 338720 | E297: 179.328 | F297: 1.3702444 | G297: 19.470166
... A362: 2026-05 | B362: 초음파·진단 | C362: 74803480 | D362: 341908 | E362: 218.78248 | F362: -19.536394 | G362: 8.4090683
A363: 2026-06 | B363: 초음파·진단 | F363: 0 | G363: 8.4972028
A364: 2019-01 | B364: 치과용 | C364: 10035363 | D364: 114241 | E364: 87.843795
A365: 2019-02 | B365: 치과용 | C365: 10078240 | D365: 129402 | E365: 77.883186 | F365: 0.42725908
A366: 2019-03 | B366: 치과용 | C366: 12027112 | D366: 122504 | E366: 98.1773 | F366: 19.337424
A367: 2019-04 | B367: 치과용 | C367: 13599661 | D367: 161771 | E367: 84.067361 | F367: 13.075034
A368: 2019-05 | B368: 치과용 | C368: 12268895 | D368: 123316 | E368: 99.49151 | F368: -9.785288
A369: 2019-06 | B369: 치과용 | C369: 13637420 | D369: 132021 | E369: 103.29735 | F369: 11.154428
A370: 2019-07 | B370: 치과용 | C370: 13432787 | D370: 187984 | E370: 71.457076 | F370: -1.5005258
...

Sheet 의료기기_국가
A1: 의료기기 · 향지별 월별 (대표 HS 901890)
A3: 월 | B3: 향지 | C3: 수출액(USD) | D3: 비중(%) | E3: ASP(USD/kg) | F3: MoM(%) | G3: YoY(%)
A4: 2020-05 | B4: 안도라 | C4: 0 | D4: 0
A5: 2022-05 | B5: 안도라 | C5: 4500 | D5: 0.0072713253 | E5: 236.84211
A6: 2019-01 | B6: 아랍에미리트 연합 | C6: 1014969 | D6: 2.8557892 | E6: 231.72808
A7: 2019-02 | B7: 아랍에미리트 연합 | C7: 401508 | D7: 1.2385914 | E7: 279.01876 | F7: -60.441353
A8: 2019-03 | B8: 아랍에미리트 연합 | C8: 1824761 | D8: 3.2691061 | E8: 245.29655 | F8: 354.47687
A9: 2019-04 | B9: 아랍에미리트 연합 | C9: 532105 | D9: 1.1915723 | E9: 193.91582 | F9: -70.839743
A10: 2019-05 | B10: 아랍에미리트 연합 | C10: 1560594 | D10: 3.3807587 | E10: 253.83767 | F10: 193.28685
A11: 2019-06 | B11: 아랍에미리트 연합 | C11: 804355 | D11: 1.7434366 | E11: 244.63352 | F11: -48.458408
A12: 2019-07 | B12: 아랍에미리트 연합 | C12: 1527456 | D12: 3.6258743 | E12: 206.3572 | F12: 89.898241
A13: 2019-08 | B13: 아랍에미리트 연합 | C13: 373584 | D13: 0.89551951 | E13: 239.47692 | F13: -75.542078
A14: 2019-09 | B14: 아랍에미리트 연합 | C14: 375256 | D14: 0.72547778 | E14: 279.20833 | F14: 0.44755664
A15: 2019-10 | B15: 아랍에미리트 연합 | C15: 756244 | D15: 1.2409551 | E15: 279.36609 | F15: 101.52749
A16: 2019-11 | B16: 아랍에미리트 연합 | C16: 881939 | D16: 1.5454562 | E16: 240.57256 | F16: 16.620958
A17: 2019-12 | B17: 아랍에미리트 연합 | C17: 2307823 | D17: 3.545794 | E17: 258.66655 | F17: 161.67603
A18: 2020-01 | B18: 아랍에미리트 연합 | C18: 351007 | D18: 0.90473815 | E18: 263.32108 | F18: -84.790558 | G18: -65.416973
A19: 2020-02 | B19: 아랍에미리트 연합 | C19: 1147416 | D19: 2.6109809 | E19: 191.236 | F19: 226.89263 | G19: 185.77662
A20: 2020-03 | B20: 아랍에미리트 연합 | C20: 1175455 | D20: 2.3877989 | E20: 233.04025 | F20: 2.4436647 | G20: -35.583071
A21: 2020-04 | B21: 아랍에미리트 연합 | C21: 165553 | D21: 0.62296822 | E21: 110.81191 | F21: -85.915837 | G21: -68.887156
A22: 2020-05 | B22: 아랍에미리트 연합 | C22: 124081 | D22: 0.55944545 | E22: 37.726057 | F22: -25.050588 | G22: -92.049117
A23: 2020-06 | B23: 아랍에미리트 연합 | C23: 178127 | D23: 0.51113202 | E23: 345.20736 | F23: 43.557031 | G23: -77.854679
A24: 2020-07 | B24: 아랍에미리트 연합 | C24: 329866 | D24: 0.84707694 | E24: 160.05143 | F24: 85.185851 | G24: -78.404222
A25: 2020-08 | B25: 아랍에미리트 연합 | C25: 802957 | D25: 2.1232364 | E25: 233.01132 | F25: 143.41915 | G25: 114.93346
A26: 2020-09 | B26: 아랍에미리트 연합 | C26: 563369 | D26: 1.081 | E26: 258.54475 | F26: -29.838211 | G26: 50.129245
A27: 2020-10 | B27: 아랍에미리트 연합 | C27: 1663631 | D27: 3.3832822 | E27: 239.85453 | F27: 195.30042 | G27: 119.98601
A28: 2020-11 | B28: 아랍에미리트 연합 | C28: 1271541 | D28: 2.5037684 | E28: 228.16095 | F28: -23.568327 | G28: 44.175618
A29: 2020-12 | B29: 아랍에미리트 연합 | C29: 1560074 | D29: 2.7653756 | E29: 240.67788 | F29: 22.6916 | G29: -32.400622
... A94: 2026-05 | B94: 아랍에미리트 연합 | C94: 813800 | D94: 0.85274897 | E94: 281.5917 | F94: 32.228236 | G94: -24.962541
A95: 2019-05 | B95: 아프카니스탄 | C95: 61100 | D95: 0.13236265 | E95: 174.57143
A96: 2020-03 | B96: 아프카니스탄 | C96: 21200 | D96: 0.043065313 | E96: 157.03704 | F96: -65.302782
A97: 2021-01 | B97: 아프카니스탄 | C97: 13270 | D97: 0.029721075 | E97: 66.35 | F97: -37.40566
A98: 2023-03 | B98: 아프카니스탄 | C98: 550 | D98: 0.000654511 | E98: 5.5 | F98: -95.855313
A99: 2024-08 | B99: 아프카니스탄 | C99: 11750 | D99: 0.013369174 | E99: 146.875 | F99: 2036.3636
A100: 2023-06 | B100: 안티가 바부다 | C100: 180 | D100: 0.00021181976 | E100: 180
A101: 2023-07 | B101: 안티가 바부다 | C101: 2900 | D101: 0.0039427146 | E101: 223.07692 | F101: 1511.1111
A102: 2023-10 | B102: 안티가 바부다 | C102: 1800 | D102: 0.002497932 | E102: 900 | F102: -37.931034
A103: 2024-11 | B103: 안티가 바부다 | C103: 3800 | D103: 0.0039680536 | E103: 271.42857 | F103: 111.11111
A104: 2019-04 | B104: 앙귈라 | C104: 28800 | D104: 0.064493442 | E104: 221.53846
A105: 2019-07 | B105: 앙귈라 | C105: 2000 | D105: 0.004747599 | E105: 1000 | F105: -93.055556
A106: 2019-03 | B106: 알바니아 | C106: 40500 | D106: 0.072556787 | E106: 114.40678
A107: 2019-04 | B107: 알바니아 | C107: 13810 | D107: 0.030925501 | E107: 17.2625 | F107: -65.901235
A108: 2019-05 | B108: 알바니아 | C108: 2882 | D108: 0.0062433576 | E108: 720.5 | F108: -79.131064
A109: 2019-06 | B109: 알바니아 | C109: 11377 | D109: 0.024659607 | E109: 264.5814 | F109: 294.76058
A110: 2019-07 | B110: 알바니아 | C110: 6367 | D110: 0.015113981 | E110: 454.78571 | F110: -44.036213
A111: 2019-10 | B111: 알바니아 | C111: 3515 | D111: 0.0057679231 | E111: 251.07143 | F111: -44.793466
A112: 2019-11 | B112: 알바니아 | C112: 82973 | D112: 0.14539683 | E112: 17.77485 | F112: 2260.5405
A113: 2019-12 | B113: 알바니아 | C113: 11500 | D113: 0.017668873 | E113: 273.80952 | F113: -86.14007
A114: 2020-01 | B114: 알바니아 | C114: 3584 | D114: 0.0092379398 | E114: 358.4 | F114: -68.834783
A115: 2020-03 | B115: 알바니아 | C115: 6378 | D115: 0.012956159 | E115: 38.890244 | F115: 77.957589
A116: 2020-07 | B116: 알바니아 | C116: 3950 | D116: 0.010143373 | E116: 359.09091 | F116: -38.06836
A117: 2020-08 | B117: 알바니아 | C117: 7797 | D117: 0.020617386 | E117: 519.8 | F117: 97.392405
A118: 2020-09 | B118: 알바니아 | C118: 8060 | D118: 0.015465637 | E118: 322.4 | F118: 3.3730922 | G118: -80.098765
A119: 2020-11 | B119: 알바니아 | C119: 31897 | D119: 0.062807806 | E119: 332.26042 | F119: 295.74442 | G119: 130.97031
A120: 2021-01 | B120: 알바니아 | C120: 7600 | D120: 0.017021867 | E120: 75.247525 | F120: -76.173308 | G120: 163.70576
A121: 2021-02 | B121: 알바니아 | C121: 1931 | D121: 0.0041089757 | E121: 321.83333 | F121: -74.592105 | G121: -83.02716
A122: 2021-03 | B122: 알바니아 | C122: 61428 | D122: 0.10212846 | E122: 17.025499 | F122: 3081.1497 | G122: 864.78718
A123: 2021-04 | B123: 알바니아 | C123: 11080 | D123: 0.018276489 | E123: 395.71429 | F123: -81.962623 | G123: 215.22048
A124: 2021-07 | B124: 알바니아 | C124: 3293 | D124: 0.0055326603 | E124: 1646.5 | F124: -70.279783 | G124: -96.031239
A125: 2021-08 | B125: 알바니아 | C125: 8622 | D125: 0.017109481 | E125: 1077.75 | F125: 161.82812 | G125: -25.026087
A126: 2021-09 | B126: 알바니아 | C126: 7310 | D126: 0.011718519 | E126: 304.58333 | F126: -15.216887 | G126: 103.96205
A127: 2022-01 | B127: 알바니아 | C127: 6674 | D127: 0.011654428 | E127: 256.69231 | F127: -8.7004104 | G127: 4.6409533
A128: 2022-02 | B128: 알바니아 | C128: 9115 | D128: 0.01415954 | E128: 294.03226 | F128: 36.574768 | G128: 130.75949
A129: 2022-03 | B129: 알바니아 | C129: 77900 | D129: 0.1058246 | E129: 338.69565 | F129: 754.63522 | G129: 899.10222
... A166: 2025-09 | B166: 알바니아 | C166: 234752 | D166: 0.17890613 | E166: 332.50992 | F166: 839.008 | G166: 219.40786
A167: 2025-10 | B167: 알바니아 | C167: 0 | D167: 0 | F167: -100 | G167: -100
A168: 2025-11 | B168: 알바니아 | C168: 18065 | D168: 0.016295129 | E168: 1062.6471 | G168: -92.022522
A169: 2025-12 | B169: 알바니아 | C169: 158530 | D169: 0.10270293 | E169: 277.15035 | F169: 777.55328 | G169: 188.49864
A170: 2026-01 | B170: 알바니아 | C170: 29023 | D170: 0.033478903 | E170: 460.68254 | F170: -81.692424 | G170: -55.20589
A171: 2026-02 | B171: 알바니아 | C171: 6090 | D171: 0.007180907 | E171: 1218 | F171: -79.016642 | G171: -14.225352
A172: 2026-03 | B172: 알바니아 | C172: 114260 | D172: 0.087124789 | E172: 268.84706 | F172: 1776.1905 | G172: 63.228571
A173: 2026-04 | B173: 알바니아 | C173: 76800 | D173: 0.086548936 | E173: 228.57143 | F173: -32.784877 | G173: 301.77871
A174: 2026-05 | B174: 알바니아 | C174: 46429 | D174: 0.04865112 | E174: 499.23656 | F174: -39.545573 | G174: 101.86522
A175: 2019-01 | B175: 아르메니아 | C175: 470 | D175: 0.0013224256 | E175: 156.66667
A176: 2019-02 | B176: 아르메니아 | C176: 1500 | D176: 0.004627273 | E176: 40.540541 | F176: 219.14894
A177: 2019-03 | B177: 아르메니아 | C177: 48629 | D177: 0.087120099 | E177: 91.580038 | F177: 3141.9333
A178: 2019-04 | B178: 아르메니아 | C178: 3920 | D178: 0.0087782741 | E178: 41.263158 | F178: -91.938966
A179: 2019-05 | B179: 아르메니아 | C179: 86340 | D179: 0.18704077 | E179: 332.07692 | F179: 2102.551
A180: 2019-06 | B180: 아르메니아 | C180: 51468 | D180: 0.11155671 | E180: 179.33101 | F180: -40.389159
A181: 2019-07 | B181: 아르메니아 | C181: 4200 | D181: 0.0099699579 | E181: 82.352941 | F181: -91.83959
A182: 2019-08 | B182: 아르메니아 | C182: 200 | D182: 0.0004794207 | E182: 200 | F182: -95.238095
A183: 2019-09 | B183: 아르메니아 | C183: 49258 | D183: 0.095229882 | E183: 156.87261 | F183: 24529
A184: 2019-10 | B184: 아르메니아 | C184: 21538 | D184: 0.035342682 | E184: 83.48062 | F184: -56.275123
A185: 2019-11 | B185: 아르메니아 | C185: 32092 | D185: 0.056236067 | E185: 76.959233 | F185: 49.001764
A186: 2019-12 | B186: 아르메니아 | C186: 7600 | D186: 0.01167682 | E186: 80 | F186: -76.318086
A187: 2020-01 | B187: 아르메니아 | C187: 21180 | D187: 0.054592513 | E187: 275.06494 | F187: 178.68421 | G187: 4406.383
A188: 2020-02 | B188: 아르메니아 | C188: 15180 | D188: 0.034542564 | E188: 257.28814 | F188: -28.328612 | G188: 912
A189: 2020-03 | B189: 아르메니아 | C189: 31200 | D189: 0.063379139 | E189: 266.66667 | F189: 105.5336 | G189: -35.840753
A190: 2020-04 | B190: 아르메니아 | C190: 3140 | D190: 0.011815674 | E190: 165.26316 | F190: -89.935897 | G190: -19.897959
A191: 2020-06 | B191: 아르메니아 | C191: 18900 | D191: 0.054233189 | E191: 112.5 | F191: 501.91083 | G191: -78.109798
A192: 2020-07 | B192: 아르메니아 | C192: 16640 | D192: 0.042730564 | E192: 160 | F192: -11.957672 | G192: -67.669231
A193: 2020-09 | B193: 아르메니아 | C193: 48600 | D193: 0.093254336 | E193: 253.125 | F193: 192.06731 | G193: 1057.1429
A194: 2020-10 | B194: 아르메니아 | C194: 26691 | D194: 0.054280778 | E194: 150.79661 | F194: -45.080247 | G194: 13245.5
A195: 2020-11 | B195: 아르메니아 | C195: 24350 | D195: 0.047947144 | E195: 163.42282 | F195: -8.7707467 | G195: -50.566405
A196: 2021-02 | B196: 아르메니아 | C196: 24030 | D196: 0.051133447 | E196: 198.59504 | F196: -1.3141684 | G196: 11.570248
A197: 2021-03 | B197: 아르메니아 | C197: 21000 | D197: 0.034914007 | E197: 338.70968 | F197: -12.609238 | G197: -34.563131
A198: 2021-04 | B198: 아르메니아 | C198: 13070 | D198: 0.021558999 | E198: 256.27451 | F198: -37.761905 | G198: 71.973684
... A259: 2026-05 | B259: 아르메니아 | C259: 60486 | D259: 0.063380897 | E259: 604.86 | F259: 278.0375 | G259: 149.40623
A260: 2025-08 | B260: 네덜란드 열도 | C260: 0 | D260: 0
A261: 2025-09 | B261: 네덜란드 열도 | C261: 0 | D261: 0
...

Sheet K푸드_제품
A1: K푸드 · 제품믹스 월별 (삼양식품, 농심, 오뚜기, CJ제일제당, 하이트진로)
A3: 월 | B3: 품목 | C3: 수출액(USD) | D3: 중량(kg) | E3: ASP(USD/kg) | F3: MoM(%) | G3: YoY(%)
A4: 2019-01 | B4: 김치·조제채소 | C4: 9656217 | D4: 2688149 | E4: 3.5921435
A5: 2019-02 | B5: 김치·조제채소 | C5: 8080013 | D5: 2296511 | E5: 3.5183864 | F5: -16.323204
A6: 2019-03 | B6: 김치·조제채소 | C6: 9588529 | D6: 2674599 | E6: 3.5850342 | F6: 18.669722
A7: 2019-04 | B7: 김치·조제채소 | C7: 9834272 | D7: 2779477 | E7: 3.5381735 | F7: 2.5628853
A8: 2019-05 | B8: 김치·조제채소 | C8: 9612362 | D8: 2644689 | E8: 3.6345907 | F8: -2.2564965
A9: 2019-06 | B9: 김치·조제채소 | C9: 8896822 | D9: 2470148 | E9: 3.6017364 | F9: -7.443956
A10: 2019-07 | B10: 김치·조제채소 | C10: 9628999 | D10: 2698582 | E10: 3.5681699 | F10: 8.2296465
A11: 2019-08 | B11: 김치·조제채소 | C11: 9695976 | D11: 2676980 | E11: 3.621983 | F11: 0.69557594
A12: 2019-09 | B12: 김치·조제채소 | C12: 9109188 | D12: 2520134 | E12: 3.6145649 | F12: -6.0518714
A13: 2019-10 | B13: 김치·조제채소 | C13: 9708383 | D13: 2678237 | E13: 3.6249156 | F13: 6.5779189
A14: 2019-11 | B14: 김치·조제채소 | C14: 10021489 | D14: 2712837 | E14: 3.6940992 | F14: 3.2251097
A15: 2019-12 | B15: 김치·조제채소 | C15: 9195503 | D15: 2572138 | E15: 3.5750426 | F15: -8.2421484
A16: 2020-01 | B16: 김치·조제채소 | C16: 9411289 | D16: 2653162 | E16: 3.5471973 | F16: 2.3466471 | G16: -2.5364799
A17: 2020-02 | B17: 김치·조제채소 | C17: 10371146 | D17: 2935673 | E17: 3.5328001 | F17: 10.198996 | G17: 28.355561
A18: 2020-03 | B18: 김치·조제채소 | C18: 12299771 | D18: 3448102 | E18: 3.5671134 | F18: 18.596065 | G18: 28.275891
A19: 2020-04 | B19: 김치·조제채소 | C19: 15865089 | D19: 4421036 | E19: 3.5885455 | F19: 28.986865 | G19: 61.324488
A20: 2020-05 | B20: 김치·조제채소 | C20: 14978595 | D20: 4072675 | E20: 3.6778272 | F20: -5.5877027 | G20: 55.826372
A21: 2020-06 | B21: 김치·조제채소 | C21: 13942297 | D21: 3916198 | E21: 3.5601614 | F21: -6.9185261 | G21: 56.710981
A22: 2020-07 | B22: 김치·조제채소 | C22: 13571121 | D22: 3685408 | E22: 3.6823931 | F22: -2.6622299 | G22: 40.940102
A23: 2020-08 | B23: 김치·조제채소 | C23: 14039209 | D23: 3788813 | E23: 3.7054373 | F23: 3.4491476 | G23: 44.794181
A24: 2020-09 | B24: 김치·조제채소 | C24: 11601800 | D24: 3026928 | E24: 3.8328629 | F24: -17.361441 | G24: 27.363712
A25: 2020-10 | B25: 김치·조제채소 | C25: 11687929 | D25: 3045800 | E25: 3.8373921 | F25: 0.74237618 | G25: 20.390069
A26: 2020-11 | B26: 김치·조제채소 | C26: 13450544 | D26: 3612904 | E26: 3.7229176 | F26: 15.080644 | G26: 34.217021
A27: 2020-12 | B27: 김치·조제채소 | C27: 14236211 | D27: 3823581 | E27: 3.7232665 | F27: 5.8411541 | G27: 54.817099
... A92: 2026-05 | B92: 김치·조제채소 | C92: 14192108 | D92: 4209897 | E92: 3.3711295 | F92: -20.217574 | G92: 4.0068571
A93: 2026-06 | B93: 김치·조제채소 | F93: 0 | G93: -0.07268474
A94: 2019-01 | B94: 라면 | C94: 38874104 | D94: 12159278 | E94: 3.1970734
A95: 2019-02 | B95: 라면 | C95: 33387859 | D95: 10178908 | E95: 3.2801022 | F95: -14.112853
A96: 2019-03 | B96: 라면 | C96: 44549652 | D96: 13873596 | E96: 3.2111107 | F96: 33.430694
A97: 2019-04 | B97: 라면 | C97: 46026010 | D97: 14320936 | E97: 3.2138968 | F97: 3.3139608
A98: 2019-05 | B98: 라면 | C98: 45438594 | D98: 14159481 | E98: 3.2090579 | F98: -1.2762697
A99: 2019-06 | B99: 라면 | C99: 40652966 | D99: 12346265 | E99: 3.292734 | F99: -10.532078
A100: 2019-07 | B100: 라면 | C100: 43063770 | D100: 13450108 | E100: 3.2017416 | F100: 5.9302045
A101: 2019-08 | B101: 라면 | C101: 44267274 | D101: 13741491 | E101: 3.2214316 | F101: 2.7947019
A102: 2019-09 | B102: 라면 | C102: 42856639 | D102: 13370936 | E102: 3.2052086 | F102: -3.1866317
A103: 2019-10 | B103: 라면 | C103: 53264207 | D103: 16800029 | E103: 3.170483 | F103: 24.284611
A104: 2019-11 | B104: 라면 | C104: 51615259 | D104: 16355396 | E104: 3.155855 | F104: -3.09579
A105: 2019-12 | B105: 라면 | C105: 44537116 | D105: 14133873 | E105: 3.1510907 | F105: -13.713276
A106: 2020-01 | B106: 라면 | C106: 42024774 | D106: 13134919 | E106: 3.1994696 | F106: -5.6410074 | G106: 8.1048042
A107: 2020-02 | B107: 라면 | C107: 48995196 | D107: 15372768 | E107: 3.1871421 | F107: 16.586459 | G107: 46.745546
A108: 2020-03 | B108: 라면 | C108: 59073971 | D108: 18735667 | E108: 3.153022 | F108: 20.570945 | G108: 32.602542
A109: 2020-04 | B109: 라면 | C109: 69378722 | D109: 21526282 | E109: 3.2229775 | F109: 17.44381 | G109: 50.738076
A110: 2020-05 | B110: 라면 | C110: 62145091 | D110: 19610740 | E110: 3.1689315 | F110: -10.426296 | G110: 36.767196
A111: 2020-06 | B111: 라면 | C111: 61040388 | D111: 18751943 | E111: 3.25515 | F111: -1.7776191 | G111: 50.149901
A112: 2020-07 | B112: 라면 | C112: 64877428 | D112: 19769576 | E112: 3.2816803 | F112: 6.2860675 | G112: 50.654316
A113: 2020-08 | B113: 라면 | C113: 53048549 | D113: 16698324 | E113: 3.1768786 | F113: -18.232657 | G113: 19.836945
A114: 2020-09 | B114: 라면 | C114: 58102981 | D114: 17635658 | E114: 3.2946307 | F114: 9.5279364 | G114: 35.575216
A115: 2020-10 | B115: 라면 | C115: 53819997 | D115: 16635692 | E115: 3.2352124 | F115: -7.3713671 | G115: 1.0434587
A116: 2020-11 | B116: 라면 | C116: 52656003 | D116: 16073825 | E116: 3.275885 | F116: -2.1627537 | G116: 2.0163495
A117: 2020-12 | B117: 라면 | C117: 60921974 | D117: 17195887 | E117: 3.5428224 | F117: 15.69806 | G117: 36.789221
... A182: 2026-05 | B182: 라면 | C182: 163668371 | D182: 39454558 | E182: 4.1482754 | F182: -17.523598 | G182: 18.46615
A183: 2026-06 | B183: 라면 | F183: 0 | G183: 20.463917
A184: 2019-01 | B184: 음료 | C184: 36621014 | D184: 36111405 | E184: 1.0141121
A185: 2019-02 | B185: 음료 | C185: 33272328 | D185: 33437576 | E185: 0.99505801 | F185: -9.1441652
A186: 2019-03 | B186: 음료 | C186: 40540593 | D186: 42212394 | E186: 0.96039549 | F186: 21.844774
A187: 2019-04 | B187: 음료 | C187: 47368636 | D187: 47766533 | E187: 0.99166996 | F187: 16.842484
A188: 2019-05 | B188: 음료 | C188: 49131585 | D188: 52448854 | E188: 0.93675231 | F188: 3.7217643
A189: 2019-06 | B189: 음료 | C189: 42673853 | D189: 44266601 | E189: 0.96401919 | F189: -13.143749
A190: 2019-07 | B190: 음료 | C190: 46663323 | D190: 46862773 | E190: 0.99574396 | F190: 9.3487457
A191: 2019-08 | B191: 음료 | C191: 48301440 | D191: 44176187 | E191: 1.0933818 | F191: 3.5105022
A192: 2019-09 | B192: 음료 | C192: 35914919 | D192: 36258513 | E192: 0.99052377 | F192: -25.644206
A193: 2019-10 | B193: 음료 | C193: 37981189 | D193: 37130324 | E193: 1.0229156 | F193: 5.7532359
A194: 2019-11 | B194: 음료 | C194: 35450562 | D194: 34089337 | E194: 1.0399311 | F194: -6.662843
A195: 2019-12 | B195: 음료 | C195: 41427706 | D195: 39466638 | E195: 1.0496893 | F195: 16.860506
A196: 2020-01 | B196: 음료 | C196: 31397926 | D196: 30972327 | E196: 1.0137413 | F196: -24.21032 | G196: -14.262543
A197: 2020-02 | B197: 음료 | C197: 33933654 | D197: 34554137 | E197: 0.98204316 | F197: 8.0761003 | G197: 1.9876157
A198: 2020-03 | B198: 음료 | C198: 49347716 | D198: 46896926 | E198: 1.0522591 | F198: 45.424115 | G198: 21.724209
A199: 2020-04 | B199: 음료 | C199: 40634462 | D199: 39977647 | E199: 1.0164296 | F199: -17.656854 | G199: -14.216525
A200: 2020-05 | B200: 음료 | C200: 34184113 | D200: 33608371 | E200: 1.0171309 | F200: -15.874085 | G200: -30.423346
A201: 2020-06 | B201: 음료 | C201: 41260385 | D201: 42714257 | E201: 0.96596284 | F201: 20.70047 | G201: -3.3122577
A202: 2020-07 | B202: 음료 | C202: 46541941 | D202: 47366832 | E202: 0.98258505 | F202: 12.800549 | G202: -0.26012292
A203: 2020-08 | B203: 음료 | C203: 41084735 | D203: 40917733 | E203: 1.0040814 | F203: -11.725351 | G203: -14.940973
A204: 2020-09 | B204: 음료 | C204: 52413196 | D204: 50700990 | E204: 1.0337707 | F204: 27.573407 | G204: 45.937113
A205: 2020-10 | B205: 음료 | C205: 41331574 | D205: 38184340 | E205: 1.0824221 | F205: -21.142809 | G205: 8.8211693
A206: 2020-11 | B206: 음료 | C206: 39720239 | D206: 36124377 | E206: 1.0995411 | F206: -3.8985571 | G206: 12.044032
A207: 2020-12 | B207: 음료 | C207: 44665274 | D207: 35468110 | E207: 1.259308 | F207: 12.449661 | G207: 7.8149826
... A272: 2026-05 | B272: 음료 | C272: 57353909 | D272: 46834362 | E272: 1.2246117 | F272: -26.059606 | G272: -17.094538
A273: 2026-06 | B273: 음료 | F273: 0 | G273: -8.823184
A274: 2019-01 | B274: 주류(소주 등) | C274: 10272311 | D274: 7339297 | E274: 1.3996315
A275: 2019-02 | B275: 주류(소주 등) | C275: 7280445 | D275: 5361365 | E275: 1.3579462 | F275: -29.12554
A276: 2019-03 | B276: 주류(소주 등) | C276: 8880359 | D276: 6303686 | E276: 1.4087566 | F276: 21.975497
A277: 2019-04 | B277: 주류(소주 등) | C277: 7896125 | D277: 5502514 | E277: 1.4350032 | F277: -11.083268
A278: 2019-05 | B278: 주류(소주 등) | C278: 8186003 | D278: 5845863 | E278: 1.400307 | F278: 3.6711425
A279: 2019-06 | B279: 주류(소주 등) | C279: 8983024 | D279: 6470758 | E279: 1.3882491 | F279: 9.7363878
A280: 2019-07 | B280: 주류(소주 등) | C280: 8857278 | D280: 6467991 | E280: 1.3694017 | F280: -1.3998181
A281: 2019-08 | B281: 주류(소주 등) | C281: 8528427 | D281: 5708963 | E281: 1.4938662 | F281: -3.7127772
A282: 2019-09 | B282: 주류(소주 등) | C282: 7585452 | D282: 5138563 | E282: 1.4761816 | F282: -11.056846
A283: 2019-10 | B283: 주류(소주 등) | C283: 10322348 | D283: 7597320 | E283: 1.3586828 | F283: 36.080856
A284: 2019-11 | B284: 주류(소주 등) | C284: 9286282 | D284: 6881330 | E284: 1.3494894 | F284: -10.037116
A285: 2019-12 | B285: 주류(소주 등) | C285: 6573438 | D285: 4425229 | E285: 1.4854458 | F285: -29.213457
A286: 2020-01 | B286: 주류(소주 등) | C286: 9241022 | D286: 6821020 | E286: 1.3547859 | F286: 40.581261 | G286: -10.039503
A287: 2020-02 | B287: 주류(소주 등) | C287: 7023281 | D287: 4754555 | E287: 1.4771689 | F287: -23.998872 | G287: -3.5322566
A288: 2020-03 | B288: 주류(소주 등) | C288: 8062703 | D288: 5563271 | E288: 1.4492738 | F288: 14.799664 | G288: -9.2074656
A289: 2020-04 | B289: 주류(소주 등) | C289: 9218379 | D289: 6530800 | E289: 1.4115237 | F289: 14.333605 | G289: 16.745606
A290: 2020-05 | B290: 주류(소주 등) | C290: 5742176 | D290: 4010328 | E290: 1.431847 | F290: -37.709482 | G290: -29.853727
A291: 2020-06 | B291: 주류(소주 등) | C291: 6290780 | D291: 4389781 | E291: 1.433051 | F291: 9.5539391 | G291: -29.970353
A292: 2020-07 | B292: 주류(소주 등) | C292: 7305888 | D292: 5617477 | E292: 1.3005639 | F292: 16.136441 | G292: -17.515426
A293: 2020-08 | B293: 주류(소주 등) | C293: 6475879 | D293: 4515825 | E293: 1.4340412 | F293: -11.360823 | G293: -24.067135
...

Sheet K푸드_국가
A1: K푸드 · 향지별 월별 (대표 HS 190230)
A3: 월 | B3: 향지 | C3: 수출액(USD) | D3: 비중(%) | E3: ASP(USD/kg) | F3: MoM(%) | G3: YoY(%)
A4: 2019-01 | B4: 아랍에미리트 연합 | C4: 344062 | D4: 0.88506734 | E4: 4.1377477
A5: 2019-02 | B5: 아랍에미리트 연합 | C5: 305580 | D5: 0.91524287 | E5: 4.9797927 | F5: -11.184612
A6: 2019-03 | B6: 아랍에미리트 연합 | C6: 434272 | D6: 0.97480447 | E6: 3.9162413 | F6: 42.114013
A7: 2019-04 | B7: 아랍에미리트 연합 | C7: 375485 | D7: 0.81581045 | E7: 4.1110746 | F7: -13.536908
A8: 2019-05 | B8: 아랍에미리트 연합 | C8: 339410 | D8: 0.74696413 | E8: 4.5974318 | F8: -9.6075742
A9: 2019-06 | B9: 아랍에미리트 연합 | C9: 221745 | D9: 0.54545836 | E9: 3.7008078 | F9: -34.667511
A10: 2019-07 | B10: 아랍에미리트 연합 | C10: 216360 | D10: 0.50241769 | E10: 4.6035022 | F10: -2.4284651
A11: 2019-08 | B11: 아랍에미리트 연합 | C11: 208166 | D11: 0.47024807 | E11: 3.5012951 | F11: -3.7872065
A12: 2019-09 | B12: 아랍에미리트 연합 | C12: 310739 | D12: 0.72506619 | E12: 4.1113375 | F12: 49.274617
A13: 2019-10 | B13: 아랍에미리트 연합 | C13: 466517 | D13: 0.87585459 | E13: 3.678924 | F13: 50.131461
A14: 2019-11 | B14: 아랍에미리트 연합 | C14: 475056 | D14: 0.92037899 | E14: 4.0099266 | F14: 1.8303727
A15: 2019-12 | B15: 아랍에미리트 연합 | C15: 406094 | D15: 0.91181028 | E15: 3.7989635 | F15: -14.516604
A16: 2020-01 | B16: 아랍에미리트 연합 | C16: 527858 | D16: 1.2560639 | E16: 4.396948 | F16: 29.984191 | G16: 53.419442
A17: 2020-02 | B17: 아랍에미리트 연합 | C17: 620434 | D17: 1.266316 | E17: 4.0386528 | F17: 17.53805 | G17: 103.03488
A18: 2020-03 | B18: 아랍에미리트 연합 | C18: 445376 | D18: 0.75392934 | E18: 4.4392437 | F18: -28.215411 | G18: 2.5569229
A19: 2020-04 | B19: 아랍에미리트 연합 | C19: 649576 | D19: 0.93627553 | E19: 3.7680171 | G19: 72.996524
A20: 2020-05 | B20: 아랍에미리트 연합 | C20: 350631 | D20: 0.56421351 | E20: 4.7314792 | F20: -46.021559 | G20: 3.3060311
A21: 2020-06 | B21: 아랍에미리트 연합 | C21: 314837 | D21: 0.51578473 | E21: 5.150539 | F21: -10.208453 | G21: 41.981555
A22: 2020-07 | B22: 아랍에미리트 연합 | C22: 125973 | D22: 0.19417077 | E22: 4.8404611 | F22: -59.987867 | G22: -41.776206
A23: 2020-08 | B23: 아랍에미리트 연합 | C23: 324644 | D23: 0.61197527 | E23: 3.5639525 | F23: 157.70919 | G23: 55.954383
A24: 2020-09 | B24: 아랍에미리트 연합 | C24: 232108 | D24: 0.39947692 | E24: 4.2912237 | F24: -28.503838 | G24: -25.304516
A25: 2020-10 | B25: 아랍에미리트 연합 | C25: 661364 | D25: 1.2288444 | E25: 4.2202512 | F25: 184.93805 | G25: 41.766324
A26: 2020-11 | B26: 아랍에미리트 연합 | C26: 377262 | D26: 0.71646532 | E26: 4.3111223 | F26: -42.95698 | G26: -20.585784
A27: 2020-12 | B27: 아랍에미리트 연합 | C27: 613644 | D27: 1.0072622 | E27: 3.9640317 | F27: 62.657251 | G27: 51.108857
A28: 2021-01 | B28: 아랍에미리트 연합 | C28: 613082 | D28: 1.0717173 | E28: 3.708748 | F28: -0.091584045 | G28: 16.145251
A29: 2021-02 | B29: 아랍에미리트 연합 | C29: 1037525 | D29: 1.9779656 | E29: 3.8945403 | F29: 69.231033 | G29: 67.225684
A30: 2021-03 | B30: 아랍에미리트 연합 | C30: 779933 | D30: 1.1100031 | E30: 4.0206462 | F30: -24.827546 | G30: 75.117878
A31: 2021-04 | B31: 아랍에미리트 연합 | C31: 635933 | D31: 0.94958918 | E31: 3.7375724 | F31: -18.463124 | G31: -2.1002931
... A92: 2026-05 | B92: 아랍에미리트 연합 | C92: 1720444 | D92: 1.0511768 | E92: 4.3545512 | F92: 2706.0478 | G92: 10.965961
A93: 2019-11 | B93: 아프카니스탄 | C93: 9 | D93: 1.7436704e-05 | E93: 2.25
A94: 2021-12 | B94: 아프카니스탄 | C94: 17090 | D94: 0.023178905 | E94: 3.9197248 | F94: 189788.89
A95: 2022-11 | B95: 아프카니스탄 | C95: 41045 | D95: 0.056385891 | E95: 3.7060948 | F95: 140.16969
A96: 2023-06 | B96: 아프카니스탄 | C96: 51100 | D96: 0.051992713 | E96: 4.474606 | F96: 24.497503
A97: 2023-11 | B97: 아프카니스탄 | C97: 14927 | D97: 0.015102704 | E97: 3.9281579 | F97: -70.78865
A98: 2024-07 | B98: 아프카니스탄 | C98: 49941 | D98: 0.042326294 | E98: 4.4399893 | F98: 234.56823
A99: 2025-10 | B99: 아프카니스탄 | C99: 47244 | D99: 0.034398823 | E99: 4.2032028 | F99: -5.4003724
A100: 2025-12 | B100: 아프카니스탄 | C100: 96331 | D100: 0.063965689 | E100: 4.3178395 | F100: 103.90102
A101: 2026-01 | B101: 아프카니스탄 | C101: 237069 | D101: 0.17029131 | E101: 4.2173341 | F101: 146.09835
A102: 2026-02 | B102: 아프카니스탄 | C102: 191118 | D102: 0.12710566 | E102: 4.2170786 | F102: -19.382964
A103: 2026-04 | B103: 아프카니스탄 | C103: 190577 | D103: 0.096036303 | E103: 4.2079267 | F103: -0.28307119
A104: 2026-05 | B104: 아프카니스탄 | C104: 152731 | D104: 0.093317358 | E104: 4.55859 | F104: -19.85864
A105: 2019-07 | B105: 알바니아 | C105: 8735 | D105: 0.020283872 | E105: 6.3573508
A106: 2020-01 | B106: 알바니아 | C106: 851 | D106: 0.002024996 | E106: 3.5606695 | F106: -90.257584
A107: 2020-06 | B107: 알바니아 | C107: 851 | D107: 0.0013941589 | E107: 2.3188011 | F107: 0
A108: 2020-12 | B108: 알바니아 | C108: 720 | D108: 0.0011818396 | E108: 2.9268293 | F108: -15.393655
A109: 2021-05 | B109: 알바니아 | C109: 698 | D109: 0.0011521779 | E109: 7.5053763 | F109: -3.0555556
A110: 2021-12 | B110: 알바니아 | C110: 567 | D110: 0.00076901341 | E110: 19.551724 | F110: -18.767908
A111: 2022-07 | B111: 알바니아 | C111: 806 | D111: 0.0012005937 | E111: 11.041096 | F111: 42.151675
A112: 2023-01 | B112: 알바니아 | C112: 744 | D112: 0.0010949456 | E112: 5.952 | F112: -7.6923077
A113: 2023-06 | B113: 알바니아 | C113: 821 | D113: 0.00083534281 | E113: 20.525 | F113: 10.349462
A114: 2023-11 | B114: 알바니아 | C114: 620 | D114: 0.00062729795 | E114: 8.4931507 | F114: -24.482339
A115: 2024-10 | B115: 알바니아 | C115: 717 | D115: 0.00056791469 | E115: 5.6015625 | F115: 15.645161
A116: 2025-07 | B116: 알바니아 | C116: 775 | D116: 0.00055403845 | E116: 12.704918 | F116: 8.0892608
A117: 2025-11 | B117: 알바니아 | C117: 16415 | D117: 0.012274219 | E117: 4.6993988 | F117: 2018.0645 | G117: 87.922152
A118: 2026-02 | B118: 알바니아 | C118: 1842 | D118: 0.0012250475 | E118: 22.192771 | F118: -88.778556 | G118: 116.45123
A119: 2026-04 | B119: 알바니아 | C119: 17113 | D119: 0.0086236495 | E119: 5.5274548 | F119: 829.04452 | G119: 1910.9283
A120: 2021-06 | B120: 네덜란드 열도 | C120: 259 | D120: 0.00041782967 | E120: 2.1056911
A121: 2019-01 | B121: 앙골라 | C121: 300 | D121: 0.00077172197 | E121: 2.5
A122: 2019-03 | B122: 앙골라 | C122: 22 | D122: 4.9383102e-05 | E122: 1.4666667 | F122: -92.666667
A123: 2019-07 | B123: 앙골라 | C123: 596 | D123: 0.001383994 | E123: 7.7402597 | F123: 2609.0909
A124: 2019-11 | B124: 앙골라 | C124: 656 | D124: 0.001270942 | E124: 10.933333 | F124: 10.067114
A125: 2020-04 | B125: 앙골라 | C125: 8789 | D125: 0.012668149 | E125: 338.03846 | F125: 1239.7866
A126: 2020-05 | B126: 앙골라 | C126: 1350 | D126: 0.0021723357 | E126: 0.84375 | F126: -84.639891
A127: 2020-08 | B127: 앙골라 | C127: 63 | D127: 0.00011875914 | E127: 9 | F127: -95.333333
A128: 2021-03 | B128: 앙골라 | C128: 20 | D128: 2.8464062e-05 | E128: 2.5 | F128: -68.253968
A129: 2022-06 | B129: 앙골라 | C129: 557 | D129: 0.00073740366 | E129: 2.4217391 | F129: 2685
A130: 2022-10 | B130: 앙골라 | C130: 1935 | D130: 0.0028353741 | F130: 247.39677
A131: 2023-04 | B131: 앙골라 | C131: 48 | D131: 5.7082953e-05 | E131: 3.4285714 | F131: -97.51938
A132: 2024-12 | B132: 앙골라 | C132: 1251 | D132: 0.0010560903 | F132: 2506.25
A133: 2025-10 | B133: 앙골라 | C133: 1312 | D133: 0.00095528015 | E133: 9.4388489 | F133: 4.8760991 | G133: 337.33333
A134: 2019-01 | B134: 아르헨티나 | C134: 65783 | D134: 0.16922062 | E134: 3.7812841
A135: 2019-02 | B135: 아르헨티나 | C135: 12800 | D135: 0.038337289 | E135: 4.9747377 | F135: -80.542085
A136: 2019-03 | B136: 아르헨티나 | C136: 162677 | D136: 0.36515886 | E136: 3.3873399 | F136: 1170.9141
A137: 2019-04 | B137: 아르헨티나 | C137: 34448 | D137: 0.074844637 | E137: 4.0994883 | F137: -78.824296
A138: 2019-05 | B138: 아르헨티나 | C138: 43976 | D138: 0.096781164 | E138: 3.7060509 | F138: 27.65908
A139: 2019-06 | B139: 아르헨티나 | C139: 30555 | D139: 0.075160568 | E139: 5.6084802 | F139: -30.518919
A140: 2019-07 | B140: 아르헨티나 | C140: 9614 | D140: 0.022325031 | E140: 3.9941836 | F140: -68.535428
A141: 2019-08 | B141: 아르헨티나 | C141: 141977 | D141: 0.32072677 | E141: 3.8860545 | F141: 1376.7735
A142: 2019-09 | B142: 아르헨티나 | C142: 12171 | D142: 0.028399334 | E142: 4.245204 | F142: -91.427485
A143: 2019-10 | B143: 아르헨티나 | C143: 60938 | D143: 0.11440704 | E143: 3.6845033 | F143: 400.68195
A144: 2019-12 | B144: 아르헨티나 | C144: 30645 | D144: 0.068807778 | E144: 4.1029589 | F144: -49.711182
A145: 2020-01 | B145: 아르헨티나 | C145: 13334 | D145: 0.031728904 | E145: 5.1943903 | F145: -56.488824
A146: 2020-02 | B146: 아르헨티나 | C146: 56683 | D146: 0.11569093 | E146: 3.703319 | F146: 325.10124 | G146: -13.833361
A147: 2020-04 | B147: 아르헨티나 | C147: 69490 | D147: 0.10016039 | E147: 4.3228616 | F147: 22.594076 | G147: 442.89062
A148: 2020-05 | B148: 아르헨티나 | C148: 8769 | D148: 0.014110527 | E148: 2.5738186 | F148: -87.380918 | G148: -94.609564
A149: 2020-06 | B149: 아르헨티나 | C149: 76 | D149: 0.00012450773 | E149: 2.0540541 | F149: -99.133311 | G149: -99.779378
A150: 2020-07 | B150: 아르헨티나 | C150: 20807 | D150: 0.032071247 | E150: 3.405401 | F150: 27277.632 | G150: -52.685556
A151: 2020-08 | B151: 아르헨티나 | C151: 14083 | D151: 0.02654738 | E151: 3.9659251 | F151: -32.316047 | G151: -53.909344
A152: 2020-09 | B152: 아르헨티나 | C152: 8855 | D152: 0.015240182 | E152: 4.047075 | F152: -37.122772 | G152: -7.8947368
A153: 2020-10 | B153: 아르헨티나 | C153: 60738 | D153: 0.11285396 | E153: 3.9724003 | F153: 585.91756 | G153: -57.219831
A154: 2020-11 | B154: 아르헨티나 | C154: 18721 | D154: 0.035553401 | E154: 3.527605 | F154: -69.177451 | G154: 53.816449
A155: 2020-12 | B155: 아르헨티나 | C155: 6662 | D155: 0.010935299 | E155: 4.4295213 | F155: -64.414294 | G155: -89.067577
A156: 2021-01 | B156: 아르헨티나 | C156: 13130 | D156: 0.02295231 | E156: 3.3114754 | F156: 97.087962 | G156: -57.154511
A157: 2021-02 | B157: 아르헨티나 | C157: 51837 | D157: 0.098823452 | E157: 3.5980426 | F157: 294.79817 | G157: 288.75806
... A219: 2026-05 | B219: 아르헨티나 | C219: 90801 | D219: 0.055478648 | E219: 4.2127215 | F219: -61.362756 | G219: 76.470245
A220: 2019-01 | B220: 아메리칸 사모아 | C220: 90420 | D220: 0.232597 | E220: 4.9272519
A221: 2019-02 | B221: 아메리칸 사모아 | C221: 102448 | D221: 0.30684208 | E221: 4.9972196 | F221: 13.302367
A222: 2019-03 | B222: 아메리칸 사모아 | C222: 110416 | D222: 0.2478493 | E222: 4.9099964 | F222: 7.7776042
...
